{"current":{"logo":"shopify:\/\/shop_images\/Untitled_design_-_2025-09-11T144614.980.png","logo_width":150,"logo_width_mobile":100,"show_breadcrumb_nav":false,"deactivate_animation":false,"page_scroll_indicator":true,"scroll_indicator_color":"#7771a7","page_loader_text":"FLUX","accent_background_color_1":"#4a3c35","accent_color_1":"#fdf6ea","accent_color_2":"#e8d1c5","accent_text_color_2":"#4a3c35","border_color_1":"#d5cbc6","button_quick_add_background_color":"#FFFFFF","button_quick_add_text_color":"#1D1D1D","button_quick_add_background_color_hover":"#fff1e6","button_quick_add_text_color_hover":"#fdf6ea","countdown_background_top":"#4a3c35","countdown_text_top":"#fdf6ea","countdown_background_bottom":"#e8d1c5","countdown_text_bottom":"#fdf6ea","opacity_color":"#4a3c35","type_header_font":"grandstander_n4","heading_scale":100,"type_body_font":"jost_n4","body_scale":100,"page_width":1620,"spacing_sections":60,"spacing_grid_horizontal":20,"spacing_grid_vertical":20,"buttons_border_thickness":1,"buttons_radius":12,"button_style":"style-3","show_button_arrow":false,"global_border_radius":8,"global_shadow_opacity":0,"global_shadow_horizontal_offset":4,"global_shadow_vertical_offset":4,"global_shadow_blur":10,"card_text_alignment":"center","card_metafield_key":"","card_icons_size":"small","blog_card_text_alignment":"left","badge_discount":true,"custom_badge_text":"new","custom_badge_tag":"","custom_badge_color":"#FDF6EA","custom_badge_background":"#ADAE7F","social_facebook_link":"","social_instagram_link":"www.instagram.com\/mylittlebambinonl","social_youtube_link":"","social_tiktok_link":"","social_twitter_link":"","social_snapchat_link":"","social_pinterest_link":"","social_vimeo_link":"","predictive_search_enabled":true,"predictive_search_show_vendor":true,"predictive_search_show_price":true,"currency_code_enabled":true,"cart_type":"drawer","cart_icon":"cart","show_vendor":false,"show_cart_note":false,"enable_free_shipping_message":false,"enable_promo_message":false,"promo_message":"<p><strong>10% Welkomstkorting<\/strong> met code              <strong>WELKOM10<\/strong><\/p>","enable_cross_sell":false,"cross_sell_collection":"bestsellers","cross_sell_label":"","enable_terms":false,"enable_empty_cart_message":false,"empty_cart_message":"<p>Zin om verder te neuzen en iets unieks te vinden? We zijn zeker dat je iets treft dat bij je past.<\/p>","button_link":"shopify:\/\/collections\/bestsellers","disable_cart_button":true,"global_border_thickness":0,"global_border_opacity":0,"badge_corner_radius":6,"brand_headline":"","brand_description":"<p>Share contact information, store details, and brand content with your customers.<\/p>","brand_image":"","cross_sell_product":"gift-wrap","cart_drawer_collection":"best-sellers","background_color_1":"#ffffff","text_color_1":"#1D1D1D","text_color_2":"#3E3E3E","button_primary_background_color":"#F2F2F2","button_primary_text_color":"#1D1D1D","button_secondary_color":"#1D1D1D","collection_card_text_alignment":"left","card_icon_label":"custom.text","social_tumblr_link":"","card_image_padding":0,"card_style":"standard","blog_card_style":"standard","sale_badge_color_scheme":"accent-2","sold_out_badge_color_scheme":"inverse","accent_icons":"text","sections":{"header":{"type":"header","settings":{"menu":"main-menu","menu_type_desktop":"dropdown","desktop_header_layout":"logo-centermenu-icons","color_scheme":"background-1","padding_top":20,"padding_bottom":20,"mobile_desktop_header_layout":"center"}},"footer":{"type":"footer","blocks":{"footer-0":{"type":"link_list","settings":{"heading":"Quick links","menu":"footer"}},"footer-1":{"type":"link_list","settings":{"heading":"Info","menu":"footer"}},"footer-2":{"type":"text","settings":{"heading":"Our mission","subtext":"<p>Share contact information, store details, and brand content with your customers.<\/p>"}}},"block_order":["footer-0","footer-1","footer-2"],"settings":{"enable_country_selector":false,"enable_language_selector":false,"payment_enable":true,"color_scheme":"background-1","margin_top":48,"padding_top":36,"padding_bottom":36}},"main-password-header":{"type":"main-password-header","settings":{"color_scheme":"background-1"}},"main-password-footer":{"type":"main-password-footer","settings":{"color_scheme":"background-1"}}},"content_for_index":[],"blocks":{"17920835415960095625":{"type":"shopify:\/\/apps\/swatch-king\/blocks\/variant-swatch-king\/0850b1e4-ba30-4a0d-a8f4-f9a939276d7d","disabled":false,"settings":{"alignment":"left","swatch_location":"After image","switch_on_hover":true,"preselect_variant":false}},"17198465164502963513":{"type":"shopify:\/\/apps\/parcel-panel\/blocks\/app.embed\/fc785c3f-90e0-4c98-a20c-7cde9ba5e4b5","disabled":true,"settings":{}},"855628211100114053":{"type":"shopify:\/\/apps\/klaviyo-email-marketing-sms\/blocks\/klaviyo-onsite-embed\/2632fe16-c075-4321-a88b-50b567f42507","disabled":false,"settings":{}},"2567389343055140935":{"type":"shopify:\/\/apps\/microsoft-clarity\/blocks\/clarity_js\/31c3d126-8116-4b4a-8ba1-baeda7c4aeea","disabled":false,"settings":{}},"1877152918344802950":{"type":"shopify:\/\/apps\/intelligems-a-b-testing\/blocks\/intelligems-script\/fa83b64c-0c77-4c0c-b4b2-b94b42f5ef19","disabled":false,"settings":{}},"9589668175390395553":{"type":"shopify:\/\/apps\/amose-bundle\/blocks\/quantity_options\/50476a12-3ce4-457e-ba71-230751f626b6","disabled":true,"settings":{}},"15557474716127144420":{"type":"shopify:\/\/apps\/kaching-bundles\/blocks\/app-embed-block\/6c637362-a106-4a32-94ac-94dcfd68cdb8","disabled":true,"settings":{}}},"color_schemes":{"option-1":{"settings":{"background_color":"#ffffff","background_gradient":"","text_color":"#4a3c35","button_primary_background_color":"#4a3c35","button_primary_text_color":"#ffffff","button_secondary_color":"#4a3c35","color_link":"#4a3c35"}},"option-2":{"settings":{"background_color":"#fdf6ea","background_gradient":"","text_color":"#4a3c35","button_primary_background_color":"#4a3c35","button_primary_text_color":"#fdf6ea","button_secondary_color":"#4a3c35","color_link":"#4a3c35"}},"option-3":{"settings":{"background_color":"#917365","background_gradient":"","text_color":"#fdf6ea","button_primary_background_color":"#4a3c35","button_primary_text_color":"#fdf6ea","button_secondary_color":"#fdf6ea","color_link":"#ffffff"}},"option-4":{"settings":{"background_color":"#f4e8d4","background_gradient":"","text_color":"#4a3c35","button_primary_background_color":"#4a3c35","button_primary_text_color":"#ffffff","button_secondary_color":"#4a3c35","color_link":"#4a3c35"}},"scheme-e4910d49-1064-4980-a929-5a514f0cfe0e":{"settings":{"background_color":"#eddcd2","background_gradient":"","text_color":"#4a3c35","button_primary_background_color":"#f0efeb","button_primary_text_color":"#ffffff","button_secondary_color":"#4a3c35","color_link":"#4a3c35"}},"scheme-169f41e0-7543-4def-9f34-c5697e2b7bc2":{"settings":{"background_color":"#fdf6ea","background_gradient":"","text_color":"#fdf6ea","button_primary_background_color":"#fdf6ea","button_primary_text_color":"#fdf6ea","button_secondary_color":"#fdf6ea","color_link":"#fdf6ea"}}}},"installed_preset_name":"Tinki","presets":{"Flux":{"logo_width":80,"logo_width_mobile":80,"show_breadcrumb_nav":true,"deactivate_animation":false,"page_scroll_indicator":true,"scroll_indicator_color":"#D4C4D9","accent_background_color_1":"#D4C4D9","accent_color_1":"#1D1D1D","accent_color_2":"#F2F2F2","accent_text_color_2":"#1D1D1D","border_color_1":"#D1D1D1","button_quick_add_background_color":"#FFFFFF","button_quick_add_text_color":"#1D1D1D","button_quick_add_background_color_hover":"#E1E1E1","button_quick_add_text_color_hover":"#1D1D1D","opacity_color":"#1D1D1D","type_header_font":"josefin_sans_n7","heading_scale":100,"type_body_font":"jost_n4","body_scale":100,"page_width":1620,"spacing_sections":60,"spacing_grid_horizontal":20,"spacing_grid_vertical":20,"buttons_border_thickness":1,"buttons_radius":12,"button_style":"style-3","show_button_arrow":true,"global_border_thickness":0,"global_border_opacity":0,"global_border_radius":12,"global_shadow_opacity":0,"global_shadow_horizontal_offset":4,"global_shadow_vertical_offset":4,"global_shadow_blur":10,"card_text_alignment":"center","card_metafield_key":"","card_icons_size":"small","blog_card_text_alignment":"left","badge_corner_radius":6,"badge_discount":true,"custom_badge_text":"new","custom_badge_tag":"new","custom_badge_color":"#1D1D1D","custom_badge_background":"#FFA680","brand_headline":"","brand_description":"<p>Share contact information, store details, and brand content with your customers.<\/p>","brand_image":"","social_facebook_link":"","social_instagram_link":"","social_youtube_link":"","social_tiktok_link":"","social_twitter_link":"","social_snapchat_link":"","social_pinterest_link":"","social_vimeo_link":"","predictive_search_enabled":true,"predictive_search_show_vendor":true,"predictive_search_show_price":true,"currency_code_enabled":true,"cart_type":"drawer","show_vendor":false,"show_cart_note":false,"enable_cross_sell":true,"cross_sell_product":"gift-wrap","cross_sell_label":"Cross-Sell","cart_drawer_collection":"best-sellers","background_color_1":"#ffffff","text_color_1":"#1D1D1D","text_color_2":"#3E3E3E","button_primary_background_color":"#F2F2F2","button_primary_text_color":"#1D1D1D","button_secondary_color":"#1D1D1D","collection_card_text_alignment":"left","card_icon_label":"custom.text","social_tumblr_link":"","card_image_padding":0,"card_style":"standard","blog_card_style":"standard","sale_badge_color_scheme":"accent-2","sold_out_badge_color_scheme":"inverse","accent_icons":"text","color_schemes":{"option-1":{"settings":{"background_color":"#ffffff","background_gradient":"","text_color":"#1d1d1d","button_primary_background_color":"#1d1d1d","button_primary_text_color":"#FFFFFF","button_secondary_color":"#1d1d1d","color_link":"#1d1d1d"}},"option-2":{"settings":{"background_color":"#F2F2F2","background_gradient":"","text_color":"#1d1d1d","button_primary_background_color":"#1d1d1d","button_primary_text_color":"#FFFFFF","button_secondary_color":"#1d1d1d","color_link":"#1d1d1d"}},"option-3":{"settings":{"background_color":"#1d1d1d","background_gradient":"","text_color":"#F2F2F2","button_primary_background_color":"#ffffff","button_primary_text_color":"#1d1d1d","button_secondary_color":"#ffffff","color_link":"#ffffff"}},"option-4":{"settings":{"background_color":"#d4c4d9","background_gradient":"","text_color":"#1d1d1d","button_primary_background_color":"#1d1d1d","button_primary_text_color":"#ffffff","button_secondary_color":"#1d1d1d","color_link":"#1d1d1d"}}},"sections":{"header":{"type":"header","settings":{"menu":"main-menu","menu_type_desktop":"dropdown","desktop_header_layout":"logo-centermenu-icons","color_scheme":"background-1","padding_top":20,"padding_bottom":20,"mobile_desktop_header_layout":"center"}},"footer":{"type":"footer","blocks":{"footer-0":{"type":"link_list","settings":{"heading":"Quick links","menu":"footer"}},"footer-1":{"type":"link_list","settings":{"heading":"Info","menu":"footer"}},"footer-2":{"type":"text","settings":{"heading":"Our mission","subtext":"<p>Share contact information, store details, and brand content with your customers.<\/p>"}}},"block_order":["footer-0","footer-1","footer-2"],"settings":{"enable_country_selector":false,"enable_language_selector":false,"payment_enable":true,"color_scheme":"background-1","margin_top":48,"padding_top":36,"padding_bottom":36}},"main-password-header":{"type":"main-password-header","settings":{"color_scheme":"background-1"}},"main-password-footer":{"type":"main-password-footer","settings":{"color_scheme":"background-1"}}},"content_for_index":[]},"Scribbly":{"logo_width":60,"logo_width_mobile":60,"show_breadcrumb_nav":false,"breadcrumbs_style":"background","deactivate_animation":false,"page_scroll_indicator":true,"scroll_indicator_color":"#C7D5CB","accent_background_color_1":"#839c8a","accent_color_1":"#ffffff","accent_color_2":"#ededef","accent_text_color_2":"#1D1D1D","border_color_1":"#D1D1D1","button_quick_add_background_color":"#FFFFFF","button_quick_add_text_color":"#1D1D1D","countdown_background_top":"#ededef","countdown_background_bottom":"#74887a","countdown_text_bottom":"#ffffff","opacity_color":"#1D1D1D","type_header_font":"libre_baskerville_n4","type_header_weight":"default","heading_scale":85,"type_body_font":"libre_baskerville_n4","body_scale":85,"text_style":"none","navigation_scale":85,"subnavigation_scale":80,"page_width":1620,"spacing_sections":60,"spacing_grid_horizontal":20,"spacing_grid_vertical":20,"buttons_border_thickness":1,"buttons_radius":12,"button_style":"style-3","show_button_arrow":true,"global_border_radius":8,"global_shadow_opacity":0,"global_shadow_horizontal_offset":4,"global_shadow_vertical_offset":4,"global_shadow_blur":10,"card_text_alignment":"center","card_metafield_key":"","card_icons_size":"small","blog_card_text_alignment":"left","badge_discount":true,"custom_badge_text":"new","custom_badge_tag":"new","custom_badge_color":"#1D1D1D","custom_badge_background":"#FFA680","social_facebook_link":"","social_instagram_link":"","social_youtube_link":"","social_tiktok_link":"","social_twitter_link":"","social_snapchat_link":"","social_pinterest_link":"","social_vimeo_link":"","predictive_search_enabled":true,"predictive_search_show_vendor":true,"predictive_search_show_price":true,"currency_code_enabled":true,"cart_type":"drawer","cart_icon":"bag","show_vendor":false,"show_cart_note":true,"enable_cross_sell":true,"cross_sell_collection":"desk","cross_sell_label":"Cross-Sell","global_border_thickness":0,"global_border_opacity":0,"badge_corner_radius":6,"brand_headline":"","brand_description":"<p>Share contact information, store details, and brand content with your customers.<\/p>","brand_image":"","cross_sell_product":"gift-wrap","cart_drawer_collection":"best-sellers","background_color_1":"#ffffff","text_color_1":"#1D1D1D","text_color_2":"#3E3E3E","button_primary_background_color":"#F2F2F2","button_primary_text_color":"#1D1D1D","button_secondary_color":"#1D1D1D","collection_card_text_alignment":"left","card_icon_label":"custom.text","social_tumblr_link":"","card_image_padding":0,"card_style":"standard","blog_card_style":"standard","sale_badge_color_scheme":"accent-2","sold_out_badge_color_scheme":"inverse","accent_icons":"text","color_schemes":{"option-1":{"settings":{"background_color":"#ffffff","background_gradient":"","text_color":"#1d1d1d","button_primary_background_color":"#1d1d1d","button_primary_text_color":"#ffffff","button_secondary_color":"#1d1d1d","color_link":"#1d1d1d"}},"option-2":{"settings":{"background_color":"#ededef","background_gradient":"","text_color":"#1d1d1d","button_primary_background_color":"#1d1d1d","button_primary_text_color":"#ffffff","button_secondary_color":"#1d1d1d","color_link":"#1d1d1d"}},"option-3":{"settings":{"background_color":"#1d1d1d","background_gradient":"","text_color":"#f2f2f2","button_primary_background_color":"#ffffff","button_primary_text_color":"#1d1d1d","button_secondary_color":"#ffffff","color_link":"#ffffff"}},"option-4":{"settings":{"background_color":"#74887A","background_gradient":"","text_color":"#f2f2f2","button_primary_background_color":"#ffffff","button_primary_text_color":"#74887A","button_secondary_color":"#ffffff","color_link":"#ffffff"}}},"sections":{"header":{"type":"header","settings":{"menu":"main-menu","menu_type_desktop":"dropdown","desktop_header_layout":"logo-centermenu-icons","color_scheme":"background-1","padding_top":20,"padding_bottom":20,"mobile_desktop_header_layout":"center"}},"footer":{"type":"footer","blocks":{"footer-0":{"type":"link_list","settings":{"heading":"Quick links","menu":"footer"}},"footer-1":{"type":"link_list","settings":{"heading":"Info","menu":"footer"}},"footer-2":{"type":"text","settings":{"heading":"Our mission","subtext":"<p>Share contact information, store details, and brand content with your customers.<\/p>"}}},"block_order":["footer-0","footer-1","footer-2"],"settings":{"enable_country_selector":false,"enable_language_selector":false,"payment_enable":true,"color_scheme":"background-1","margin_top":48,"padding_top":36,"padding_bottom":36}},"main-password-header":{"type":"main-password-header","settings":{"color_scheme":"background-1"}},"main-password-footer":{"type":"main-password-footer","settings":{"color_scheme":"background-1"}}},"content_for_index":[]},"Tinki":{"logo_width":50,"logo_width_mobile":50,"show_breadcrumb_nav":false,"deactivate_animation":false,"page_scroll_indicator":true,"scroll_indicator_color":"#7771a7","page_loader_text":"FLUX","accent_background_color_1":"#7771a7","accent_color_1":"#fdf6ea","accent_color_2":"#d6d6b0","accent_text_color_2":"#4a3c35","border_color_1":"#d5cbc6","button_quick_add_background_color":"#FFFFFF","button_quick_add_text_color":"#1D1D1D","button_quick_add_background_color_hover":"#adae7f","button_quick_add_text_color_hover":"#fdf6ea","countdown_background_top":"#7771a7","countdown_text_top":"#fdf6ea","countdown_background_bottom":"#adae7f","countdown_text_bottom":"#fdf6ea","opacity_color":"#4a3c35","type_header_font":"grandstander_n4","heading_scale":100,"type_body_font":"jost_n4","body_scale":100,"page_width":1620,"spacing_sections":60,"spacing_grid_horizontal":20,"spacing_grid_vertical":20,"buttons_border_thickness":1,"buttons_radius":12,"button_style":"style-3","show_button_arrow":false,"global_border_radius":8,"global_shadow_opacity":0,"global_shadow_horizontal_offset":4,"global_shadow_vertical_offset":4,"global_shadow_blur":10,"card_text_alignment":"center","card_metafield_key":"","card_icons_size":"small","blog_card_text_alignment":"left","badge_discount":true,"custom_badge_text":"new","custom_badge_tag":"new","custom_badge_color":"#FDF6EA","custom_badge_background":"#ADAE7F","social_facebook_link":"","social_instagram_link":"","social_youtube_link":"","social_tiktok_link":"","social_twitter_link":"","social_snapchat_link":"","social_pinterest_link":"","social_vimeo_link":"","predictive_search_enabled":true,"predictive_search_show_vendor":true,"predictive_search_show_price":true,"currency_code_enabled":true,"cart_type":"drawer","cart_icon":"cart","show_vendor":false,"show_cart_note":true,"enable_cross_sell":true,"cross_sell_collection":"big-savings","cross_sell_label":"Cross-Sell","global_border_thickness":0,"global_border_opacity":0,"badge_corner_radius":6,"brand_headline":"","brand_description":"<p>Share contact information, store details, and brand content with your customers.<\/p>","brand_image":"","cross_sell_product":"gift-wrap","cart_drawer_collection":"best-sellers","background_color_1":"#ffffff","text_color_1":"#1D1D1D","text_color_2":"#3E3E3E","button_primary_background_color":"#F2F2F2","button_primary_text_color":"#1D1D1D","button_secondary_color":"#1D1D1D","collection_card_text_alignment":"left","card_icon_label":"custom.text","social_tumblr_link":"","card_image_padding":0,"card_style":"standard","blog_card_style":"standard","sale_badge_color_scheme":"accent-2","sold_out_badge_color_scheme":"inverse","accent_icons":"text","color_schemes":{"option-1":{"settings":{"background_color":"#ffffff","background_gradient":"","text_color":"#4a3c35","button_primary_background_color":"#7771a7","button_primary_text_color":"#ffffff","button_secondary_color":"#4a3c35","color_link":"#4a3c35"}},"option-2":{"settings":{"background_color":"#fdf6ea","background_gradient":"","text_color":"#4a3c35","button_primary_background_color":"#4a3c35","button_primary_text_color":"#fdf6ea","button_secondary_color":"#4a3c35","color_link":"#4a3c35"}},"option-3":{"settings":{"background_color":"#917365","background_gradient":"","text_color":"#fdf6ea","button_primary_background_color":"#adae7f","button_primary_text_color":"#fdf6ea","button_secondary_color":"#ffffff","color_link":"#ffffff"}},"option-4":{"settings":{"background_color":"#f4e8d4","background_gradient":"","text_color":"#4a3c35","button_primary_background_color":"#7771a7","button_primary_text_color":"#ffffff","button_secondary_color":"#4a3c35","color_link":"#4a3c35"}}},"sections":{"header":{"type":"header","settings":{"menu":"main-menu","menu_type_desktop":"dropdown","desktop_header_layout":"logo-centermenu-icons","color_scheme":"background-1","padding_top":20,"padding_bottom":20,"mobile_desktop_header_layout":"center"}},"footer":{"type":"footer","blocks":{"footer-0":{"type":"link_list","settings":{"heading":"Quick links","menu":"footer"}},"footer-1":{"type":"link_list","settings":{"heading":"Info","menu":"footer"}},"footer-2":{"type":"text","settings":{"heading":"Our mission","subtext":"<p>Share contact information, store details, and brand content with your customers.<\/p>"}}},"block_order":["footer-0","footer-1","footer-2"],"settings":{"enable_country_selector":false,"enable_language_selector":false,"payment_enable":true,"color_scheme":"background-1","margin_top":48,"padding_top":36,"padding_bottom":36}},"main-password-header":{"type":"main-password-header","settings":{"color_scheme":"background-1"}},"main-password-footer":{"type":"main-password-footer","settings":{"color_scheme":"background-1"}}},"content_for_index":[]},"Paws":{"logo_width":110,"logo_width_mobile":80,"show_breadcrumb_nav":false,"deactivate_animation":false,"page_scroll_indicator":true,"scroll_indicator_color":"#fffd96","loader_background_color":"#e3f1f8","loader_text_color":"#2f3d45","page_loader_text":"Paws...","accent_background_color_1":"#c8273d","accent_color_1":"#ffffff","accent_color_2":"#e3f1f8","accent_text_color_2":"#2f3d45","border_color_1":"#dddddd","button_quick_add_background_color":"#FFFFFF","button_quick_add_text_color":"#2f3d45","button_quick_add_background_color_hover":"#e1e1e1","button_quick_add_text_color_hover":"#2f3d45","countdown_background_top":"#ffffff","countdown_text_top":"#2f3d45","countdown_background_bottom":"#c8273d","countdown_text_bottom":"#ffffff","opacity_color":"#E3F1F8","type_header_font":"tenor_sans_n4","heading_scale":100,"type_body_font":"roboto_n4","body_scale":90,"navigation_scale":90,"subnavigation_scale":90,"page_width":1620,"spacing_sections":60,"spacing_grid_horizontal":20,"spacing_grid_vertical":20,"buttons_border_thickness":1,"buttons_radius":12,"button_style":"style-3","button_shadow_opacity":"#a5a469","show_button_arrow":false,"global_border_radius":8,"global_shadow_opacity":0,"global_shadow_horizontal_offset":4,"global_shadow_vertical_offset":4,"global_shadow_blur":10,"card_text_alignment":"center","card_metafield_key":"","card_icons_size":"small","blog_card_text_alignment":"left","badge_discount":true,"custom_badge_text":"new","custom_badge_tag":"new","custom_badge_color":"#1D1D1D","custom_badge_background":"#fffd96","social_facebook_link":"","social_instagram_link":"","social_youtube_link":"","social_tiktok_link":"","social_twitter_link":"","social_snapchat_link":"","social_pinterest_link":"","social_vimeo_link":"","predictive_search_enabled":true,"predictive_search_show_vendor":true,"predictive_search_show_price":true,"currency_code_enabled":true,"cart_type":"drawer","show_vendor":false,"show_cart_note":true,"enable_cross_sell":true,"cross_sell_collection":"cats-accessorize","cross_sell_label":"Cross-Sell","global_border_thickness":0,"global_border_opacity":0,"badge_corner_radius":6,"brand_headline":"","brand_description":"<p>Share contact information, store details, and brand content with your customers.<\/p>","brand_image":"","cross_sell_product":"gift-wrap","cart_drawer_collection":"best-sellers","background_color_1":"#ffffff","text_color_1":"#1D1D1D","text_color_2":"#3E3E3E","button_primary_background_color":"#F2F2F2","button_primary_text_color":"#1D1D1D","button_secondary_color":"#1D1D1D","collection_card_text_alignment":"left","card_icon_label":"custom.text","social_tumblr_link":"","card_image_padding":0,"card_style":"standard","blog_card_style":"standard","sale_badge_color_scheme":"accent-2","sold_out_badge_color_scheme":"inverse","accent_icons":"text","color_schemes":{"option-1":{"settings":{"background_color":"#ffffff","background_gradient":"","text_color":"#2f3d45","button_primary_background_color":"#c8273d","button_primary_text_color":"#ffffff","button_secondary_color":"#2f3d45","color_link":"#2f3d45"}},"option-2":{"settings":{"background_color":"#e3f1f8","background_gradient":"","text_color":"#2f3d45","button_primary_background_color":"#c8273d","button_primary_text_color":"#ffffff","button_secondary_color":"#2f3d45","color_link":"#2f3d45"}},"option-3":{"settings":{"background_color":"#2f3d45","background_gradient":"","text_color":"#f2f2f2","button_primary_background_color":"#ffffff","button_primary_text_color":"#2f3d45","button_secondary_color":"#ffffff","color_link":"#ffffff"}},"option-4":{"settings":{"background_color":"#c8273d","background_gradient":"","text_color":"#ffffff","button_primary_background_color":"#e3f1f8","button_primary_text_color":"#2f3d45","button_secondary_color":"#e3f1f8","color_link":"#e3f1f8"}}},"sections":{"header":{"type":"header","settings":{"menu":"main-menu","menu_type_desktop":"dropdown","desktop_header_layout":"logo-centermenu-icons","color_scheme":"background-1","padding_top":20,"padding_bottom":20,"mobile_desktop_header_layout":"center"}},"footer":{"type":"footer","blocks":{"footer-0":{"type":"link_list","settings":{"heading":"Quick links","menu":"footer"}},"footer-1":{"type":"link_list","settings":{"heading":"Info","menu":"footer"}},"footer-2":{"type":"text","settings":{"heading":"Our mission","subtext":"<p>Share contact information, store details, and brand content with your customers.<\/p>"}}},"block_order":["footer-0","footer-1","footer-2"],"settings":{"enable_country_selector":false,"enable_language_selector":false,"payment_enable":true,"color_scheme":"background-1","margin_top":48,"padding_top":36,"padding_bottom":36}},"main-password-header":{"type":"main-password-header","settings":{"color_scheme":"background-1"}},"main-password-footer":{"type":"main-password-footer","settings":{"color_scheme":"background-1"}}},"content_for_index":[]}}}