{
  "sections": {
    "main": {
      "type": "main-article",
      "blocks": {
        "featured_image": {
          "type": "featured_image",
          "settings": {
            "image_height": "adapt"
          }
        },
        "title": {
          "type": "title",
          "settings": {
            "blog_show_date": true,
            "blog_show_author": false
          }
        },
        "share": {
          "type": "share",
          "settings": {
            "share_label": "Share"
          }
        },
        "content": {
          "type": "content",
          "settings": {
          }
        },
        "tags": {
          "type": "tags",
          "settings": {
          }
        },
        "buttons": {
          "type": "buttons",
          "settings": {
          }
        }
      },
      
      "block_order": [
        "featured_image",
        "title",
        "share",
        "content",
        "tags",
        "buttons"
      ],
      "settings": {
        "color_scheme": "option-1",
        "padding_top": 36,
        "padding_bottom": 0
      }
    }
  },
  "order": [
    "main"
  ]
}
