{
    "sections": {
      "featured_blog": {
        "type": "featured-blog",
        "settings": {
          "caption": "",
          "text_style": "caption-with-letter-spacing",
          "text_size": "medium",
          "heading": "Journal",
          "heading_size": "large",
          "heading_style": "default",
          "heading_tag": "h2",
          "blog": "",
          "blog_style": "blog-style-four",
          "post_limit": 3,
          "columns_desktop": 3,
          "show_image": true,
          "show_date": true,
          "show_author": false,
          "show_excerpt": true,
          "show_view_all": true,
          "color_scheme": "option-2",
          "color_scheme_1": "",
          "padding_top": 36,
          "padding_bottom": 36,
          "ignore_spacing": false,
          "margin_spacing": "negative",
          "margin_top": 0,
          "swipe_on_mobile": false,
          "disable_arrow_mobile": true
        }
      },
      "separator": {
        "type": "separator",
        "settings": {
          "separator_style": "wave-1",
          "spacer_color": "#fdf6ea",
          "margin_top_desktop": 0,
          "margin_bottom_desktop": 0,
          "ignore_spacing": false,
          "margin_spacing": "negative",
          "margin_top": 0
        }
      },
      "main": {
        "type": "main-blog",
        "settings": {
          "layout": "grid-2",
          "blog_style": "blog-style-three",
          "make_first_post_featured": false,
          "show_image": true,
          "image_height": "medium",
          "tags": true,
          "tag_label": "Filter by Tag",
          "tag_default": "All Posts",
          "show_page_title": false,
          "show_date": true,
          "show_author": false,
          "color_scheme": "option-1",
          "color_scheme_1": "",
          "padding_top": 0,
          "padding_bottom": 0
        }
      },
      "email-signup-banner": {
        "type": "email-signup-banner",
        "blocks": {
          "caption": {
            "type": "caption",
            "settings": {
              "caption": "Get Latest News",
              "text_style": "caption-with-letter-spacing",
              "text_size": "medium"
            }
          },
          "heading": {
            "type": "heading",
            "settings": {
              "heading": "Subscribe to our Newsletter",
              "heading_size": "medium",
              "heading_style": "default",
              "heading_tag": "h2"
            }
          },
          "paragraph": {
            "type": "paragraph",
            "settings": {
              "text": "<p>Don't miss out on this opportunity to stay in the loop on all things organic food. Sign up for our newsletter today!</p>",
              "text_style": "body"
            }
          },
          "email_form": {
            "type": "email_form",
            "settings": {}
          }
        },
        "block_order": [
          "caption",
          "heading",
          "paragraph",
          "email_form"
        ],
        "settings": {
          "image": "",
          "image_2": "",
          "newsletter_style": "style_two",
          "layout": "image_first",
          "full_width": false,
          "color_scheme": "option-1",
          "padding_top": 0,
          "padding_bottom": 36,
          "ignore_spacing": false,
          "margin_spacing": "negative",
          "margin_top": 0
        }
      }
    },
    "order": [
      "featured_blog",
      "separator",
      "main",
      "email-signup-banner"
    ]
  }  