{"sections":{"cart-items":{"type":"main-cart-items","settings":{"color_scheme":"option-1","padding_top":36,"padding_bottom":0,"padding_left":0,"padding_right":0,"ignore_spacing":false}},"cart-footer":{"type":"main-cart-footer","blocks":{"subtotal":{"type":"subtotal","settings":{}},"buttons":{"type":"buttons","settings":{}},"custom_liquid_NQgUha":{"type":"custom_liquid","settings":{"custom_liquid":"<div class=\"mlb-inject-img\"\n     style=\"--w-desktop: 350px; --w-mobile: 280px; --y-desktop: 10px; --y-mobile: 5px; --z: 3;\">\n  <img\n    src=\"https:\/\/cdn.shopify.com\/s\/files\/1\/0927\/0034\/4706\/files\/Biztonsagos_fizetes_25.png?v=1760292375\"\n    alt=\"Veilige betaling\"\n    loading=\"lazy\"\n  >\n<\/div>\n\n<style>\n.mlb-inject-img{ display:flex; justify-content:center; }\n.mlb-inject-img img{\n  width: var(--w-desktop);\n  height:auto;\n  transform: translateY(var(--y-desktop));\n  position: relative; z-index: var(--z);\n}\n@media (max-width: 749px){\n  .mlb-inject-img img{\n    width: var(--w-mobile);\n    transform: translateY(var(--y-mobile));\n  }\n}\n\n\/* Optioneel: laat de afbeelding OVER andere segmenten zweven zonder layout te verplaatsen.\n.mlb-inject-img{ position:relative; }\n.mlb-inject-img img{ position:absolute; left:50%; transform:translate(-50%, var(--y-desktop)); pointer-events:none; }\n@media (max-width: 749px){\n  .mlb-inject-img img{ transform:translate(-50%, var(--y-mobile)); }\n}\n*\/\n<\/style>"}},"amose_bundle_review_summary_PzfUF9":{"type":"shopify:\/\/apps\/amose-bundle\/blocks\/review_summary\/50476a12-3ce4-457e-ba71-230751f626b6","disabled":true,"settings":{"review_text":"4.8 | 1,622 Geverifieerde reviews","star_count":5,"star_size_desktop":24,"star_size_mobile":20,"star_fill_color":"#ffffff","star_shadow_color":"#00b67a","star_background_color":"#00b67a","text_size_desktop":16,"text_size_mobile":14,"font_weight":400,"text_color":"#333333","gap":12,"margin_top":15,"margin_bottom":0}}},"block_order":["subtotal","buttons","custom_liquid_NQgUha","amose_bundle_review_summary_PzfUF9"],"settings":{"color_scheme":"","padding_top":0,"padding_bottom":0,"padding_left":0,"padding_right":0}},"quick_info_bar":{"type":"quick-info-bar","disabled":true,"settings":{"image-1":"shopify:\/\/shop_images\/truck-fast-solid-full.svg","heading-1":"Gratis Verzending","caption-1":"Vandaag besteld, morgen verwerkt","image-2":"shopify:\/\/shop_images\/rotate-left-solid-full.svg","heading-2":"Retour Garantie","caption-2":"Niet Goed? Geld Terug Garantie","image-3":"shopify:\/\/shop_images\/face-smile-beam-regular-full.svg","heading-3":"Vriendelijke Service","caption-3":"Snel antwoord op al uw vragen","image-4":"shopify:\/\/shop_images\/credit-card-regular-full.svg","heading-4":"Veilige Betaling","caption-4":"Snelle En Veilige Checkout","image_size":"small","add_border":true,"full_width_background":false,"color_scheme":"option-1","color_scheme_1":"option-2","padding_top":0,"padding_bottom":12,"ignore_spacing":false,"margin_spacing":"negative","margin_top":16}},"image_gallery_9Ua4QD":{"type":"image-gallery","blocks":{"text_FExydE":{"type":"text","settings":{"image":"shopify:\/\/shop_images\/Untitled_design_-_2025-09-20T040417.947_a7b30265-536c-46dc-86fb-18d1963399fd.png"}},"text_tL4PGX":{"type":"text","settings":{"image":"shopify:\/\/shop_images\/Untitled_design_-_2025-09-20T040735.587_ba8f0c8c-dcd2-4fe4-bb93-7e3a787ed5e5.png"}},"text_j74GNH":{"type":"text","settings":{"image":"shopify:\/\/shop_images\/Untitled_design_-_2025-09-20T040912.206_2d71aa8c-2c97-485f-b02d-73d7f8194419.png"}},"text_8TNqWP":{"type":"text","settings":{"image":"shopify:\/\/shop_images\/Untitled_design_-_2025-09-20T225101.117_ed3eccac-2b2c-4dcd-a93e-5ecc792b7e46.png"}},"text_m8ybBH":{"type":"text","settings":{"image":"shopify:\/\/shop_images\/Untitled_design_-_2025-09-20T040645.372_b2cd8350-f33d-46c1-bffe-bd7546ff4b5d.png"}},"text_kzWeQQ":{"type":"text","settings":{"image":"shopify:\/\/shop_images\/Untitled_design_-_2025-09-20T040501.964_e708c029-8a54-422a-8657-6fbe791abb8b.png"}},"text_Efkw4b":{"type":"text","settings":{"image":"shopify:\/\/shop_images\/Untitled_design_-_2025-09-20T040958.858_c1b8c347-342d-4feb-bad4-441a163e4ea9.png"}},"text_DydKCi":{"type":"text","settings":{"image":"shopify:\/\/shop_images\/Untitled_design_-_2025-09-20T040824.726_7dab5fc3-4fea-47f3-918f-84405d8fcb8b.png"}},"text_38KzWh":{"type":"text","settings":{"image":"shopify:\/\/shop_images\/Untitled_design_-_2025-09-20T040553.048_35f1e9d4-5e4a-4894-9c31-e77597c1c2ba.png"}}},"block_order":["text_FExydE","text_tL4PGX","text_j74GNH","text_8TNqWP","text_m8ybBH","text_kzWeQQ","text_Efkw4b","text_DydKCi","text_38KzWh"],"name":"t:sections.image-gallery.presets.name","settings":{"caption":"","text_style":"caption-with-letter-spacing","text_size":"medium","title":"","heading_size":"medium","heading_style":"default","heading_tag":"h2","scroll_direction":"ltc","scroll_speed":70,"scroll_height":420,"hover_stop":false,"color_scheme":"","padding_top":28,"padding_bottom":0,"ignore_spacing":false,"scroll_height_mobile":500,"margin_spacing":"negative","margin_top":88}},"custom_liquid_3MNXbF":{"type":"custom-liquid","disabled":true,"name":"t:sections.custom-liquid.presets.name","settings":{"custom_liquid":"<div class=\"mlb-socialproof\" role=\"complementary\" aria-label=\"Klantvertrouwen\">\n  <style>\n    \/* MLB Trust Banner v2.5 - Subtitle Centrering op Mobile *\/\n    .mlb-socialproof {\n      --trust-bg: #FDF6EA;\n      --trust-card-bg: #FFFFFF;\n      --trust-text: rgb(var(--color-foreground));\n      --trust-muted: rgba(var(--color-foreground), 0.6);\n      --trust-border: rgba(0, 0, 0, 0.08);\n      --trust-accent: #2b2b2b;\n      --trust-green: #00B67A;\n      --trust-green-dark: #00A170;\n      --trust-shadow: rgba(0, 0, 0, 0.06);\n      margin: 32px 0;\n      font-family: var(--font-body-family);\n    }\n    \n    \/* Animatie Keyframes *\/\n    @keyframes mlb-fadeInUp {\n      from {\n        opacity: 0;\n        transform: translateY(20px);\n      }\n      to {\n        opacity: 1;\n        transform: translateY(0);\n      }\n    }\n    \n    @keyframes mlb-scaleIn {\n      from {\n        opacity: 0;\n        transform: scale(0.95);\n      }\n      to {\n        opacity: 1;\n        transform: scale(1);\n      }\n    }\n    \n    @keyframes mlb-checkmark {\n      0% {\n        opacity: 0;\n        transform: scale(0) rotate(-45deg);\n      }\n      50% {\n        transform: scale(1.1) rotate(0deg);\n      }\n      100% {\n        opacity: 1;\n        transform: scale(1) rotate(0deg);\n      }\n    }\n    \n    @keyframes mlb-shimmer {\n      0% {\n        background-position: -1000px 0;\n      }\n      100% {\n        background-position: 1000px 0;\n      }\n    }\n    \n    \/* Container Styling *\/\n    .mlb-socialproof-inner {\n      background: var(--trust-card-bg);\n      border: 1px solid var(--trust-border);\n      border-radius: calc(var(--media-radius, 14px) + 2px);\n      overflow: hidden;\n      box-shadow: 0 2px 12px var(--trust-shadow),\n                  0 8px 24px rgba(0, 0, 0, 0.04);\n      animation: mlb-scaleIn 0.5s ease-out;\n      transition: all 0.4s cubic-bezier(0.4, 0, 0.2, 1);\n      position: relative;\n    }\n    \n    .mlb-socialproof-inner::before {\n      content: '';\n      position: absolute;\n      top: 0;\n      left: -100%;\n      width: 100%;\n      height: 100%;\n      background: linear-gradient(\n        90deg,\n        transparent,\n        rgba(255, 255, 255, 0.3),\n        transparent\n      );\n      animation: mlb-shimmer 3s infinite;\n      pointer-events: none;\n      z-index: 1;\n    }\n    \n    .mlb-socialproof-inner:hover {\n      transform: translateY(-2px);\n      box-shadow: 0 4px 20px rgba(0, 0, 0, 0.08),\n                  0 12px 32px rgba(0, 0, 0, 0.06);\n    }\n    \n    \/* Grid Layout *\/\n    .mlb-trust-grid {\n      display: grid;\n      grid-template-columns: 1fr 1.2fr;\n      gap: 0;\n      align-items: stretch;\n    }\n    \n    \/* Image Slideshow Section *\/\n    .mlb-trust-image {\n      position: relative;\n      overflow: hidden;\n      background: linear-gradient(135deg, #FDF6EA 0%, #F5EDE2 100%);\n      min-height: 360px;\n    }\n    \n    .mlb-slideshow-container {\n      position: relative;\n      width: 100%;\n      height: 100%;\n    }\n    \n    .mlb-slideshow-slide {\n      position: absolute;\n      top: 0;\n      left: 0;\n      width: 100%;\n      height: 100%;\n      opacity: 0;\n      transition: opacity 0.8s ease-in-out, transform 0.8s ease-in-out;\n      transform: scale(1.05);\n    }\n    \n    .mlb-slideshow-slide.active {\n      opacity: 1;\n      transform: scale(1);\n      z-index: 1;\n    }\n    \n    .mlb-slideshow-slide img {\n      width: 100%;\n      height: 100%;\n      object-fit: cover;\n      display: block;\n    }\n    \n    \/* Slideshow Navigation Dots *\/\n    .mlb-slideshow-dots {\n      position: absolute;\n      bottom: 16px;\n      left: 50%;\n      transform: translateX(-50%);\n      display: flex;\n      gap: 8px;\n      z-index: 2;\n    }\n    \n    .mlb-slideshow-dot {\n      width: 8px;\n      height: 8px;\n      border-radius: 50%;\n      background: rgba(255, 255, 255, 0.5);\n      cursor: pointer;\n      transition: all 0.3s ease;\n      border: 1px solid rgba(255, 255, 255, 0.8);\n      box-shadow: 0 2px 4px rgba(0, 0, 0, 0.2);\n    }\n    \n    .mlb-slideshow-dot.active {\n      background: var(--trust-green);\n      width: 24px;\n      border-color: var(--trust-green);\n    }\n    \n    .mlb-trust-image::after {\n      content: '';\n      position: absolute;\n      top: 0;\n      left: 0;\n      right: 0;\n      bottom: 0;\n      background: linear-gradient(\n        to bottom,\n        transparent 0%,\n        rgba(0, 0, 0, 0.02) 100%\n      );\n      pointer-events: none;\n      z-index: 1;\n    }\n    \n    \/* Content Section *\/\n    .mlb-trust-content {\n      padding: 40px 48px;\n      display: flex;\n      flex-direction: column;\n      justify-content: center;\n      background: var(--trust-card-bg);\n    }\n    \n    \/* Badge *\/\n    .mlb-trust-badge {\n      display: inline-flex;\n      align-items: center;\n      gap: 8px;\n      padding: 6px 14px;\n      background: linear-gradient(135deg, var(--trust-green) 0%, var(--trust-green-dark) 100%);\n      color: white;\n      border-radius: 20px;\n      font-size: 12px;\n      font-weight: 600;\n      letter-spacing: 0.3px;\n      text-transform: uppercase;\n      margin-bottom: 16px;\n      width: fit-content;\n      box-shadow: 0 2px 8px rgba(0, 182, 122, 0.3);\n      animation: mlb-fadeInUp 0.6s ease-out 0.2s both;\n    }\n    \n    .mlb-trust-badge svg {\n      width: 14px;\n      height: 14px;\n    }\n    \n    \/* Typography *\/\n    .mlb-trust-title {\n      font-size: clamp(22px, 2.6vw, 28px);\n      line-height: 1.2;\n      margin: 0 0 14px;\n      color: var(--trust-accent);\n      font-weight: 700;\n      font-family: var(--font-heading-family);\n      letter-spacing: -0.02em;\n      animation: mlb-fadeInUp 0.6s ease-out 0.3s both;\n    }\n    \n    .mlb-trust-subtitle {\n      color: var(--trust-muted);\n      font-size: 15px;\n      line-height: 1.6;\n      margin: 0 0 24px;\n      animation: mlb-fadeInUp 0.6s ease-out 0.4s both;\n    }\n    \n    .mlb-trust-subtitle strong {\n      color: var(--trust-accent);\n      font-weight: 600;\n    }\n    \n    \/* Features List *\/\n    .mlb-trust-features {\n      list-style: none;\n      margin: 0;\n      padding: 0;\n      display: flex;\n      flex-direction: column;\n      gap: 14px;\n    }\n    \n    .mlb-trust-feature {\n      display: flex;\n      gap: 14px;\n      align-items: flex-start;\n      color: var(--trust-text);\n      font-size: 15px;\n      line-height: 1.5;\n      padding-left: 4px;\n      opacity: 0;\n      animation: mlb-fadeInUp 0.5s ease-out forwards;\n    }\n    \n    .mlb-trust-feature:nth-child(1) {\n      animation-delay: 0.5s;\n    }\n    \n    .mlb-trust-feature:nth-child(2) {\n      animation-delay: 0.6s;\n    }\n    \n    .mlb-trust-feature:nth-child(3) {\n      animation-delay: 0.7s;\n    }\n    \n    .mlb-trust-icon-wrap {\n      flex: 0 0 24px;\n      height: 24px;\n      display: flex;\n      align-items: center;\n      justify-content: center;\n      background: linear-gradient(135deg, var(--trust-green) 0%, var(--trust-green-dark) 100%);\n      border-radius: 50%;\n      margin-top: 2px;\n      box-shadow: 0 2px 6px rgba(0, 182, 122, 0.25);\n      animation: mlb-checkmark 0.5s ease-out forwards;\n      opacity: 0;\n    }\n    \n    .mlb-trust-feature:nth-child(1) .mlb-trust-icon-wrap {\n      animation-delay: 0.6s;\n    }\n    \n    .mlb-trust-feature:nth-child(2) .mlb-trust-icon-wrap {\n      animation-delay: 0.7s;\n    }\n    \n    .mlb-trust-feature:nth-child(3) .mlb-trust-icon-wrap {\n      animation-delay: 0.8s;\n    }\n    \n    .mlb-trust-icon {\n      width: 14px;\n      height: 14px;\n      color: white;\n      stroke-width: 3;\n    }\n    \n    \/* Tip Box *\/\n    .mlb-trust-tip {\n      margin-top: 24px;\n      padding: 14px 18px;\n      background: linear-gradient(135deg, #FFF9E6 0%, #FFF4D6 100%);\n      border-left: 3px solid #FFC107;\n      border-radius: 8px;\n      font-size: 13px;\n      color: #856404;\n      display: flex;\n      align-items: center;\n      gap: 10px;\n      animation: mlb-fadeInUp 0.6s ease-out 0.9s both;\n      box-shadow: 0 2px 8px rgba(255, 193, 7, 0.1);\n    }\n    \n    .mlb-trust-tip-icon {\n      font-size: 18px;\n      flex-shrink: 0;\n    }\n    \n    \/* Responsive Design *\/\n    @media screen and (max-width: 989px) {\n      .mlb-trust-grid {\n        grid-template-columns: 1fr;\n      }\n      \n      .mlb-trust-image {\n        min-height: 280px;\n        max-height: 320px;\n      }\n      \n      .mlb-trust-content {\n        padding: 32px 24px;\n      }\n      \n      .mlb-trust-title {\n        font-size: 22px;\n      }\n      \n      .mlb-slideshow-dots {\n        bottom: 12px;\n      }\n      \n      \/* Mobile Centrering voor Badge, Titel en Subtitle *\/\n      .mlb-trust-badge {\n        margin-left: auto;\n        margin-right: auto;\n      }\n      \n      .mlb-trust-title {\n        text-align: center;\n      }\n      \n      .mlb-trust-subtitle {\n        text-align: center;\n      }\n    }\n    \n    @media screen and (max-width: 749px) {\n      .mlb-socialproof {\n        margin: 20px 0;\n      }\n      \n      .mlb-trust-image {\n        min-height: 240px;\n        max-height: 280px;\n      }\n      \n      .mlb-trust-content {\n        padding: 24px 20px;\n      }\n      \n      .mlb-trust-badge {\n        font-size: 11px;\n        padding: 5px 12px;\n      }\n      \n      .mlb-trust-title {\n        font-size: 20px;\n        margin-bottom: 12px;\n      }\n      \n      .mlb-trust-subtitle {\n        font-size: 14px;\n        margin-bottom: 20px;\n      }\n      \n      .mlb-trust-features {\n        gap: 12px;\n      }\n      \n      .mlb-trust-feature {\n        font-size: 14px;\n        gap: 12px;\n      }\n      \n      .mlb-trust-tip {\n        font-size: 12px;\n        padding: 12px 14px;\n      }\n      \n      .mlb-slideshow-dots {\n        bottom: 10px;\n        gap: 6px;\n      }\n      \n      .mlb-slideshow-dot {\n        width: 6px;\n        height: 6px;\n      }\n      \n      .mlb-slideshow-dot.active {\n        width: 18px;\n      }\n    }\n    \n    \/* Reduced Motion Support *\/\n    @media (prefers-reduced-motion: reduce) {\n      .mlb-socialproof-inner,\n      .mlb-trust-badge,\n      .mlb-trust-title,\n      .mlb-trust-subtitle,\n      .mlb-trust-feature,\n      .mlb-trust-icon-wrap,\n      .mlb-trust-tip {\n        animation: none;\n        opacity: 1;\n        transform: none;\n      }\n      \n      .mlb-socialproof-inner::before {\n        display: none;\n      }\n      \n      .mlb-slideshow-slide {\n        transition: none;\n      }\n      \n      .mlb-slideshow-slide:first-child {\n        opacity: 1;\n      }\n    }\n  <\/style>\n  \n  <div class=\"mlb-socialproof-inner\">\n    <div class=\"mlb-trust-grid\">\n      <!-- Afbeelding Slideshow Sectie -->\n      <div class=\"mlb-trust-image\">\n        <div class=\"mlb-slideshow-container\">\n          <div class=\"mlb-slideshow-slide active\">\n            <img \n              src=\"https:\/\/cdn.shopify.com\/s\/files\/1\/0927\/0034\/4706\/files\/Untitled_design_3.png?v=1761961034\" \n              alt=\"My Little Bambino unboxing moment 1\" \n              loading=\"lazy\"\n              width=\"600\"\n              height=\"450\">\n          <\/div>\n          <div class=\"mlb-slideshow-slide\">\n            <img \n              src=\"https:\/\/cdn.shopify.com\/s\/files\/1\/0927\/0034\/4706\/files\/Untitled_design_4.png?v=1761961035\" \n              alt=\"My Little Bambino unboxing moment 2\" \n              loading=\"lazy\"\n              width=\"600\"\n              height=\"450\">\n          <\/div>\n          <div class=\"mlb-slideshow-slide\">\n            <img \n              src=\"https:\/\/cdn.shopify.com\/s\/files\/1\/0927\/0034\/4706\/files\/Gemini_Generated_Image_tsm5altsm5altsm5_-_Edited.png?v=1762016580\" \n              alt=\"My Little Bambino unboxing moment 3\" \n              loading=\"lazy\"\n              width=\"600\"\n              height=\"450\">\n          <\/div>\n          <div class=\"mlb-slideshow-slide\">\n            <img \n              src=\"https:\/\/cdn.shopify.com\/s\/files\/1\/0927\/0034\/4706\/files\/Gemini_Generated_Image_nujrgpnujrgpnujr_-_Edited.png?v=1762016580\" \n              alt=\"My Little Bambino unboxing moment 4\" \n              loading=\"lazy\"\n              width=\"600\"\n              height=\"450\">\n          <\/div>\n          <div class=\"mlb-slideshow-slide\">\n            <img \n              src=\"https:\/\/cdn.shopify.com\/s\/files\/1\/0927\/0034\/4706\/files\/Gemini_Generated_Image_qtezovqtezovqtez_-_Edited.png?v=1762016580\" \n              alt=\"My Little Bambino unboxing moment 5\" \n              loading=\"lazy\"\n              width=\"600\"\n              height=\"450\">\n          <\/div>\n          <div class=\"mlb-slideshow-slide\">\n            <img \n              src=\"https:\/\/cdn.shopify.com\/s\/files\/1\/0927\/0034\/4706\/files\/Gemini_Generated_Image_3fdcv33fdcv33fdc_-_Edited.png?v=1762016581\" \n              alt=\"My Little Bambino unboxing moment 6\" \n              loading=\"lazy\"\n              width=\"600\"\n              height=\"450\">\n          <\/div>\n          <div class=\"mlb-slideshow-slide\">\n            <img \n              src=\"https:\/\/cdn.shopify.com\/s\/files\/1\/0927\/0034\/4706\/files\/Gemini_Generated_Image_2tq9rj2tq9rj2tq9_-_Edited.png?v=1762016580\" \n              alt=\"My Little Bambino unboxing moment 7\" \n              loading=\"lazy\"\n              width=\"600\"\n              height=\"450\">\n          <\/div>\n        <\/div>\n        \n        <!-- Navigation Dots -->\n        <div class=\"mlb-slideshow-dots\">\n          <span class=\"mlb-slideshow-dot active\" data-slide=\"0\"><\/span>\n          <span class=\"mlb-slideshow-dot\" data-slide=\"1\"><\/span>\n          <span class=\"mlb-slideshow-dot\" data-slide=\"2\"><\/span>\n          <span class=\"mlb-slideshow-dot\" data-slide=\"3\"><\/span>\n          <span class=\"mlb-slideshow-dot\" data-slide=\"4\"><\/span>\n          <span class=\"mlb-slideshow-dot\" data-slide=\"5\"><\/span>\n          <span class=\"mlb-slideshow-dot\" data-slide=\"6\"><\/span>\n        <\/div>\n      <\/div>\n      \n      <!-- Content Sectie -->\n      <div class=\"mlb-trust-content\">\n        <div class=\"mlb-trust-badge\">\n          <svg viewBox=\"0 0 24 24\" fill=\"none\" stroke=\"currentColor\">\n            <path d=\"M9 12l2 2 4-4m6 2a9 9 0 11-18 0 9 9 0 0118 0z\" stroke-width=\"2\" stroke-linecap=\"round\" stroke-linejoin=\"round\"\/>\n          <\/svg>\n          <span>Vertrouwd door 1.600+ ouders<\/span>\n        <\/div>\n        \n        <h3 class=\"mlb-trust-title\">Veel ouders gingen je voor<\/h3>\n        <p class=\"mlb-trust-subtitle\">\n          Onze pakketjes komen netjes, veilig en met liefde verpakt aan. Shop met vertrouwen bij <strong>My Little Bambino<\/strong> – wij zorgen voor een fijne unboxing-ervaring.\n        <\/p>\n        \n        <ul class=\"mlb-trust-features\">\n          <li class=\"mlb-trust-feature\">\n            <div class=\"mlb-trust-icon-wrap\">\n              <svg class=\"mlb-trust-icon\" viewBox=\"0 0 24 24\" fill=\"none\" stroke=\"currentColor\">\n                <path d=\"M5 13l4 4L19 7\" stroke-width=\"2.5\" stroke-linecap=\"round\" stroke-linejoin=\"round\"\/>\n              <\/svg>\n            <\/div>\n            <span>Gratis verzending op alle bestellingen<\/span>\n          <\/li>\n          <li class=\"mlb-trust-feature\">\n            <div class=\"mlb-trust-icon-wrap\">\n              <svg class=\"mlb-trust-icon\" viewBox=\"0 0 24 24\" fill=\"none\" stroke=\"currentColor\">\n                <path d=\"M5 13l4 4L19 7\" stroke-width=\"2.5\" stroke-linecap=\"round\" stroke-linejoin=\"round\"\/>\n              <\/svg>\n            <\/div>\n            <span>Zorgvuldig verpakt &amp; snel verzonden<\/span>\n          <\/li>\n          <li class=\"mlb-trust-feature\">\n            <div class=\"mlb-trust-icon-wrap\">\n              <svg class=\"mlb-trust-icon\" viewBox=\"0 0 24 24\" fill=\"none\" stroke=\"currentColor\">\n                <path d=\"M5 13l4 4L19 7\" stroke-width=\"2.5\" stroke-linecap=\"round\" stroke-linejoin=\"round\"\/>\n              <\/svg>\n            <\/div>\n            <span>Veilige betaling en vriendelijke service<\/span>\n          <\/li>\n        <\/ul>\n        \n        <div class=\"mlb-trust-tip\">\n          <span class=\"mlb-trust-tip-icon\">💡<\/span>\n          <span><strong>Tip:<\/strong> Bestel vandaag, morgen verwerkt.<\/span>\n        <\/div>\n      <\/div>\n    <\/div>\n  <\/div>\n\n  <script>\n    (function() {\n      'use strict';\n      \n      \/\/ Slideshow functionaliteit\n      let currentSlide = 0;\n      const totalSlides = 7;\n      const slides = document.querySelectorAll('.mlb-slideshow-slide');\n      const dots = document.querySelectorAll('.mlb-slideshow-dot');\n      \n      \/\/ Check of elementen bestaan\n      if (!slides.length || !dots.length) return;\n      \n      \/\/ Functie om naar specifieke slide te gaan\n      function goToSlide(index) {\n        \/\/ Verwijder active class van alle slides en dots\n        slides.forEach(slide => slide.classList.remove('active'));\n        dots.forEach(dot => dot.classList.remove('active'));\n        \n        \/\/ Voeg active class toe aan huidige slide en dot\n        slides[index].classList.add('active');\n        dots[index].classList.add('active');\n        \n        currentSlide = index;\n      }\n      \n      \/\/ Functie om naar volgende slide te gaan\n      function nextSlide() {\n        let next = (currentSlide + 1) % totalSlides;\n        goToSlide(next);\n      }\n      \n      \/\/ Click handler voor dots\n      dots.forEach((dot, index) => {\n        dot.addEventListener('click', function() {\n          goToSlide(index);\n        });\n      });\n      \n      \/\/ Auto-advance elke 4 seconden\n      setInterval(nextSlide, 4000);\n      \n      \/\/ Initiële setup\n      goToSlide(0);\n    })();\n  <\/script>\n<\/div>","color_scheme":"","padding_top":28,"padding_bottom":0,"ignore_spacing":false}}},"order":["cart-items","cart-footer","quick_info_bar","image_gallery_9Ua4QD","custom_liquid_3MNXbF"]}