{"sections":{"video_background_cRneLM":{"type":"video-background","name":"t:sections.video-background.presets.name","settings":{"video_url":"shopify:\/\/files\/videos\/Untitled design (3).mp4","caption":"","text_style":"caption-with-letter-spacing","text_size":"medium","heading":"Bestsellers","heading_size":"large","heading_tag":"h2","text":"<h2><strong>Ontdek onze herfstfavorieten met tijdelijk verlaagde prijzen<\/strong><\/h2>","button_label":"","link":"","open_new_tab_1":false,"video_style":"contain","full_width_background":true,"background_height":"small","box_align":"middle-center","box_vertical_align":"middle","text_align":"center","ignore_box":false,"content_opacity":1,"blur":0.6,"opacity":1,"color_scheme":"option-2","color_scheme_1":"option-3","padding_top":0,"padding_bottom":0,"ignore_spacing":false,"video_url_mobile":"shopify:\/\/files\/videos\/Untitled design (2).mp4","background_height_mobile":"small","margin_spacing":"positive","margin_top":0}},"banner":{"type":"main-collection-banner","disabled":true,"settings":{"show_collection_description":true,"show_breadcrumbs":false,"collection_style":"style-three","desktop_content_alignment":"center","image_height":"large","image_overlay_opacity":50,"color_scheme":"option-3","image":"shopify:\/\/shop_images\/S8b3121854ea142f390b33ec20bc54e8dd.webp","image_for_all":false,"fallback_heading":"Alle Producten","padding_top":6,"padding_bottom":0}},"subcollections":{"type":"subcollections","settings":{"title":"","heading_size":"medium","heading_tag":"h2","caption":"","text_style":"caption-with-letter-spacing","text_size":"large","subcollection_list_style":"collection-list-three","image_ratio":"square","collections_to_show":10,"columns_desktop":6,"enable_desktop_slider":false,"color_scheme":"option-1","color_scheme_1":"option-2","padding_top":24,"padding_bottom":0,"ignore_spacing":true,"margin_spacing":"negative","margin_top":0,"columns_mobile":"2","swipe_on_mobile":true,"disable_arrow_mobile":true}},"product-grid":{"type":"main-collection-product-grid","blocks":{"promo_row_emH86C":{"type":"promo_row","settings":{"promo_row":"2","image":"shopify:\/\/shop_images\/Gemini_Generated_Image_lkpvwzlkpvwzlkpv_-_Edited.png","banner_height":"small","caption":"Bambino’s","text_style":"caption-with-letter-spacing","text_size":"medium","heading":"Knuffeltjes","heading_size":"medium","heading_tag":"h2","subheading":"Zacht, lief en altijd in voor een knuffel.","link_label":"→ Ontdek nu","link":"shopify:\/\/collections\/knuffeltjes","show_text_box":false,"image_overlay_opacity":80,"color_scheme":"option-3"}},"promo_row":{"type":"promo_row","settings":{"promo_row":"10","image":"shopify:\/\/shop_images\/Untitled_design_-_2025-09-20T054624.426_15184110-79b1-45ed-81e3-d6bb4fd2bb6d.png","banner_height":"small","caption":"Bambino Deals","text_style":"caption-with-letter-spacing","text_size":"medium","heading":"Stapel Kortingen","heading_size":"medium","heading_tag":"h2","subheading":"Mix & match en profiteer direct","link_label":"","link":"","show_text_box":false,"image_overlay_opacity":90,"color_scheme":"option-3"}},"promo_row_gtq4nY":{"type":"promo_row","settings":{"promo_row":"30","image":"shopify:\/\/shop_images\/Untitled_design_-_2025-10-11T004331.620.png","banner_height":"small","caption":"Bambino's","text_style":"caption-with-letter-spacing","text_size":"medium","heading":"Schoentjes","heading_size":"medium","heading_tag":"h2","subheading":"Het liefste paar voor de allerkleinste","link_label":"→ Bekijk nu","link":"shopify:\/\/collections\/babyschoentjes-bestsellers","show_text_box":false,"image_overlay_opacity":60,"color_scheme":"option-3"}},"promo_row_JqjXq8":{"type":"promo_row","settings":{"promo_row":"40","image":"shopify:\/\/shop_images\/Untitled_design_-_2025-09-20T054312.389_e8287591-a078-4fb7-917e-4724ccf6059e.png","banner_height":"small","caption":"Bambino Deals","text_style":"caption-with-letter-spacing","text_size":"medium","heading":"Stapel Kortingen","heading_size":"medium","heading_tag":"h2","subheading":"Mix & match en profiteer direct","link_label":"","link":"","show_text_box":false,"image_overlay_opacity":90,"color_scheme":"option-3"}},"promo_row_GewMCE":{"type":"promo_row","settings":{"promo_row":"90","image":"shopify:\/\/shop_images\/Untitled_design_-_2025-09-20T053543.981_88313aea-9d44-4436-bc66-15bc40fe0cce.png","banner_height":"small","caption":"Bambino Deals","text_style":"caption-with-letter-spacing","text_size":"medium","heading":"Stapel Kortingen","heading_size":"medium","heading_tag":"h2","subheading":"Mix & match en profiteer direct","link_label":"","link":"","show_text_box":false,"image_overlay_opacity":90,"color_scheme":"option-3"}}},"block_order":["promo_row_emH86C","promo_row","promo_row_gtq4nY","promo_row_JqjXq8","promo_row_GewMCE"],"settings":{"products_per_page":120,"columns_desktop":4,"pagination":"load-more","load_button":"Laad meer","product_card_style":"collection-one","image_ratio":"square","show_secondary_image":true,"show_vendor":false,"enable_quick_add":false,"enable_quick_buy":false,"list_color_variants_in_collection":false,"list_size_variants_in_collection":false,"hide_unavailable":false,"quick_add_position":"overlay","enable_filtering":true,"enable_switcher":false,"filter_type":"horizontal","open_filter":"all","enable_sorting":true,"product_count":true,"color_scheme":"option-1","color_scheme_1":"","columns_mobile":"2","disable_quick_add":true,"padding_top":36,"padding_bottom":72,"ignore_spacing":true}},"recently_viewed_products":{"type":"recently-viewed-products","settings":{"caption":"mama's favorieten","text_style":"caption-with-letter-spacing","text_size":"medium","heading":"Nog even spieken?","heading_size":"medium","heading_tag":"h2","color_scheme":"option-2","color_scheme_1":"","padding_top":28,"padding_bottom":72,"ignore_spacing":true,"columns_mobile":"3","margin_spacing":"negative","margin_top":0}}},"order":["video_background_cRneLM","banner","subcollections","product-grid","recently_viewed_products"]}