{
  "sections": {
    "banner": {
      "type": "main-collection-banner",
      "settings": {
        "show_collection_description": false,
        "show_breadcrumbs": true,
        "collection_style": "style-three",
        "desktop_content_alignment": "left",
        "image_height": "medium",
        "image_overlay_opacity": 40,
        "color_scheme": "",
        "fallback_heading": "All Products",
        "padding_top": 6,
        "padding_bottom": 0
      }
    },
    "product-grid": {
      "type": "main-collection-product-grid",
      "settings": {
        "products_per_page": 12,
        "columns_desktop": 3,
        "pagination": "load-more",
        "load_button": "Load more",
        "product_card_style": "collection-three",
        "image_ratio": "square",
        "show_secondary_image": true,
        "show_vendor": true,
        "enable_quick_add": true,
        "enable_quick_buy": true,
        "list_color_variants_in_collection": false,
        "list_size_variants_in_collection": false,
        "hide_unavailable": false,
        "quick_add_position": "default",
        "enable_filtering": true,
        "enable_switcher": true,
        "filter_type": "vertical",
        "open_filter": "all",
        "enable_sorting": true,
        "product_count": false,
        "color_scheme": "",
        "color_scheme_1": "option-2",
        "columns_mobile": "2",
        "disable_quick_add": true,
        "padding_top": 36,
        "padding_bottom": 72,
        "ignore_spacing": true
      }
    },
    "subcollections": {
      "type": "subcollections",
      "settings": {
        "title": "",
        "heading_size": "medium",
        "heading_tag": "h2",
        "caption": "Browse by Category",
        "text_style": "caption-with-letter-spacing",
        "text_size": "large",
        "subcollection_list_style": "collection-list-two",
        "image_ratio": "square",
        "collections_to_show": 10,
        "columns_desktop": 5,
        "enable_desktop_slider": true,
        "color_scheme": "option-2",
        "color_scheme_1": "",
        "padding_top": 36,
        "padding_bottom": 36,
        "ignore_spacing": true,
        "margin_spacing": "negative",
        "margin_top": 0,
        "columns_mobile": "2",
        "swipe_on_mobile": true,
        "disable_arrow_mobile": true
      }
    },
    "quick_info_bar": {
      "type": "quick-info-bar",
      "settings": {
        "image-1": "",
        "heading-1": "Free Shipping",
        "caption-1": "For orders over $110",
        "image-2": "",
        "heading-2": "Money Guarantee",
        "caption-2": "Within 30 days for an exchange.",
        "image-3": "",
        "heading-3": "Online Support",
        "caption-3": "24 hours a day, 7 days a week",
        "image-4": "",
        "heading-4": "Flexible Payment",
        "caption-4": "Pay with Multiple Credit Cards",
        "image_size": "small",
        "add_border": false,
        "full_width_background": false,
        "color_scheme": "",
        "color_scheme_1": "",
        "padding_top": 0,
        "padding_bottom": 36,
        "ignore_spacing": true,
        "margin_spacing": "negative",
        "margin_top": 0
      }
    }
  },
  "order": [
    "banner",
    "product-grid",
    "subcollections",
    "quick_info_bar"
  ]
}
