{"sections":{"banner":{"type":"main-collection-banner","settings":{"show_collection_description":false,"show_breadcrumbs":true,"collection_style":"style-three","desktop_content_alignment":"center","image_height":"small","image_overlay_opacity":20,"color_scheme":"","image":"shopify:\/\/shop_images\/downloads_21.jpg","image_for_all":false,"fallback_heading":"All Products","padding_top":6,"padding_bottom":0}},"collection_list_PaMgwC":{"type":"collection-list","blocks":{"featured_collection_EGafKN":{"type":"featured_collection","settings":{"collection":"accessoires-u"}},"featured_collection_9nJyDi":{"type":"featured_collection","settings":{"collection":"sets-u"}},"featured_collection_AqwbXT":{"type":"featured_collection","settings":{"collection":"rompers"}},"featured_collection_zJTeGk":{"type":"featured_collection","settings":{"collection":"schoenen-u"}},"featured_collection_4N9dbC":{"type":"featured_collection","settings":{"collection":"onesies-u"}}},"block_order":["featured_collection_EGafKN","featured_collection_9nJyDi","featured_collection_AqwbXT","featured_collection_zJTeGk","featured_collection_4N9dbC"],"name":"t:sections.collection-list.presets.name","settings":{"title":"Categorieën","heading_size":"medium","heading_style":"default","heading_tag":"h2","caption":"","text_style":"caption-with-letter-spacing","text_size":"medium","enable_desktop_slider":true,"collection_list_style":"collection-list-one","image_ratio":"square","columns_desktop":5,"color_scheme":"option-1","color_scheme_1":"option-1","padding_top":0,"padding_bottom":36,"ignore_spacing":false,"margin_spacing":"negative","margin_top":20,"columns_mobile":"2","swipe_on_mobile":false,"disable_arrow_mobile":true}},"subcollections":{"type":"subcollections","disabled":true,"settings":{"title":"","heading_size":"medium","heading_tag":"h2","caption":"","text_style":"caption-with-letter-spacing","text_size":"large","subcollection_list_style":"collection-list-three","image_ratio":"square","collections_to_show":10,"columns_desktop":6,"enable_desktop_slider":false,"color_scheme":"option-1","color_scheme_1":"option-2","padding_top":24,"padding_bottom":0,"ignore_spacing":true,"margin_spacing":"negative","margin_top":0,"columns_mobile":"2","swipe_on_mobile":true,"disable_arrow_mobile":true}},"product-grid":{"type":"main-collection-product-grid","blocks":{"promo_row":{"type":"promo_row","settings":{"promo_row":"6","image":"shopify:\/\/shop_images\/Untitled_design_-_2025-09-20T054624.426.png","banner_height":"small","caption":"bambino deals","text_style":"caption-with-letter-spacing","text_size":"medium","heading":"Stapel Kortingen","heading_size":"medium","heading_tag":"h2","subheading":"Mix & match en profiteer direct","link_label":"","link":"","show_text_box":false,"image_overlay_opacity":60,"color_scheme":"option-3"}}},"block_order":["promo_row"],"settings":{"products_per_page":12,"columns_desktop":4,"pagination":"load-more","load_button":"Laad meer","product_card_style":"collection-one","image_ratio":"square","show_secondary_image":false,"show_vendor":false,"enable_quick_add":false,"enable_quick_buy":false,"list_color_variants_in_collection":false,"list_size_variants_in_collection":false,"hide_unavailable":false,"quick_add_position":"overlay","enable_filtering":true,"enable_switcher":false,"filter_type":"horizontal","open_filter":"all","enable_sorting":true,"product_count":true,"color_scheme":"","color_scheme_1":"","columns_mobile":"2","disable_quick_add":true,"padding_top":20,"padding_bottom":72,"ignore_spacing":true}},"recently_viewed_products":{"type":"recently-viewed-products","settings":{"caption":"Recent bekeken","text_style":"caption-with-letter-spacing","text_size":"medium","heading":"Nog even spieken?","heading_size":"medium","heading_tag":"h2","color_scheme":"option-2","color_scheme_1":"","padding_top":28,"padding_bottom":72,"ignore_spacing":true,"columns_mobile":"3","margin_spacing":"negative","margin_top":0}}},"order":["banner","collection_list_PaMgwC","subcollections","product-grid","recently_viewed_products"]}