{"sections":{"banner":{"type":"main-collection-banner","settings":{"show_collection_description":false,"show_breadcrumbs":true,"collection_style":"style-three","desktop_content_alignment":"center","image_height":"small","image_overlay_opacity":20,"color_scheme":"option-3","image":"shopify:\/\/shop_images\/downloads_21.jpg","image_for_all":false,"fallback_heading":"All Products","padding_top":6,"padding_bottom":0}},"subcollections":{"type":"subcollections","settings":{"title":"","heading_size":"medium","heading_tag":"h2","caption":"","text_style":"caption-with-letter-spacing","text_size":"large","subcollection_list_style":"collection-list-three","image_ratio":"square","collections_to_show":10,"columns_desktop":6,"enable_desktop_slider":false,"color_scheme":"option-1","color_scheme_1":"option-2","padding_top":24,"padding_bottom":0,"ignore_spacing":true,"margin_spacing":"negative","margin_top":0,"columns_mobile":"2","swipe_on_mobile":true,"disable_arrow_mobile":true}},"collection_list_MJJwG8":{"type":"collection-list","blocks":{"featured_collection_wHKTWY":{"type":"featured_collection","settings":{"collection":"sets-m"}},"featured_collection_nJWnjc":{"type":"featured_collection","settings":{"collection":"onesies-m"}},"featured_collection_7a8jxU":{"type":"featured_collection","settings":{"collection":"rompers-m"}},"featured_collection_XqYMKt":{"type":"featured_collection","settings":{"collection":"jurken"}},"featured_collection_Qmw4V6":{"type":"featured_collection","settings":{"collection":"schoenen-m"}},"featured_collection_Pameyx":{"type":"featured_collection","settings":{"collection":"accessoires-m"}},"featured_collection_KEhczb":{"type":"featured_collection","settings":{"collection":"jassen"}}},"block_order":["featured_collection_wHKTWY","featured_collection_nJWnjc","featured_collection_7a8jxU","featured_collection_XqYMKt","featured_collection_Qmw4V6","featured_collection_Pameyx","featured_collection_KEhczb"],"name":"t:sections.collection-list.presets.name","settings":{"title":"Categorieën","heading_size":"medium","heading_style":"default","heading_tag":"h2","caption":"","text_style":"caption-with-letter-spacing","text_size":"medium","enable_desktop_slider":true,"collection_list_style":"collection-list-one","image_ratio":"square","columns_desktop":5,"color_scheme":"","color_scheme_1":"","padding_top":0,"padding_bottom":36,"ignore_spacing":false,"margin_spacing":"negative","margin_top":20,"columns_mobile":"2","swipe_on_mobile":false,"disable_arrow_mobile":true}},"product-grid":{"type":"main-collection-product-grid","blocks":{"promo_row":{"type":"promo_row","settings":{"promo_row":"6","image":"shopify:\/\/shop_images\/Untitled_design_-_2025-09-20T053543.981.png","banner_height":"small","caption":"Bambino Deals","text_style":"caption-with-letter-spacing","text_size":"medium","heading":"Stapel Kortingen","heading_size":"large","heading_tag":"h2","subheading":"Mix & match en profiteer direct","link_label":"","link":"","show_text_box":false,"image_overlay_opacity":60,"color_scheme":"option-3"}}},"block_order":["promo_row"],"settings":{"products_per_page":120,"columns_desktop":4,"pagination":"pagination","load_button":"Laad meer","product_card_style":"collection-one","image_ratio":"square","show_secondary_image":true,"show_vendor":false,"enable_quick_add":false,"enable_quick_buy":false,"list_color_variants_in_collection":false,"list_size_variants_in_collection":false,"hide_unavailable":false,"quick_add_position":"overlay","enable_filtering":true,"enable_switcher":false,"filter_type":"horizontal","open_filter":"all","enable_sorting":true,"product_count":true,"color_scheme":"","color_scheme_1":"","columns_mobile":"2","disable_quick_add":true,"padding_top":20,"padding_bottom":72,"ignore_spacing":true}},"recently_viewed_products":{"type":"recently-viewed-products","settings":{"caption":"Recent bekeken","text_style":"caption-with-letter-spacing","text_size":"medium","heading":"Nog even spieken?","heading_size":"medium","heading_tag":"h2","color_scheme":"option-2","color_scheme_1":"","padding_top":28,"padding_bottom":72,"ignore_spacing":true,"columns_mobile":"3","margin_spacing":"negative","margin_top":0}}},"order":["banner","subcollections","collection_list_MJJwG8","product-grid","recently_viewed_products"]}