{"sections":{"banner":{"type":"main-collection-banner","settings":{"show_collection_description":false,"show_breadcrumbs":true,"collection_style":"style-three","desktop_content_alignment":"center","image_height":"small","image_overlay_opacity":20,"color_scheme":"","image":"shopify:\/\/shop_images\/S8b3121854ea142f390b33ec20bc54e8dd.webp","image_for_all":false,"fallback_heading":"Alle Producten","padding_top":6,"padding_bottom":0}},"subcollections":{"type":"subcollections","settings":{"title":"","heading_size":"medium","heading_tag":"h2","caption":"","text_style":"caption-with-letter-spacing","text_size":"large","subcollection_list_style":"collection-list-three","image_ratio":"square","collections_to_show":10,"columns_desktop":6,"enable_desktop_slider":false,"color_scheme":"option-1","color_scheme_1":"option-2","padding_top":24,"padding_bottom":0,"ignore_spacing":true,"margin_spacing":"negative","margin_top":0,"columns_mobile":"2","swipe_on_mobile":true,"disable_arrow_mobile":true}},"product-grid":{"type":"main-collection-product-grid","blocks":{"promo_row":{"type":"promo_row","disabled":true,"settings":{"promo_row":"6","image":"shopify:\/\/shop_images\/Untitled_design_-_2025-09-20T054624.426_15184110-79b1-45ed-81e3-d6bb4fd2bb6d.png","banner_height":"small","caption":"Bambino Deals","text_style":"caption-with-letter-spacing","text_size":"medium","heading":"Stapel Kortingen","heading_size":"medium","heading_tag":"h2","subheading":"Mix & match en profiteer direct","link_label":"","link":"","show_text_box":false,"image_overlay_opacity":90,"color_scheme":"option-3"}}},"block_order":["promo_row"],"settings":{"products_per_page":120,"columns_desktop":4,"pagination":"load-more","load_button":"Laad meer","product_card_style":"collection-one","image_ratio":"square","show_secondary_image":true,"show_vendor":false,"enable_quick_add":false,"enable_quick_buy":false,"list_color_variants_in_collection":false,"list_size_variants_in_collection":false,"hide_unavailable":false,"quick_add_position":"overlay","enable_filtering":true,"enable_switcher":false,"filter_type":"horizontal","open_filter":"all","enable_sorting":true,"product_count":true,"color_scheme":"","color_scheme_1":"","columns_mobile":"2","disable_quick_add":true,"padding_top":20,"padding_bottom":72,"ignore_spacing":true}},"recently_viewed_products":{"type":"recently-viewed-products","settings":{"caption":"recent bekeken","text_style":"caption-with-letter-spacing","text_size":"medium","heading":"Nog even spieken?","heading_size":"medium","heading_tag":"h2","color_scheme":"option-2","color_scheme_1":"","padding_top":28,"padding_bottom":72,"ignore_spacing":true,"columns_mobile":"3","margin_spacing":"negative","margin_top":0}}},"order":["banner","subcollections","product-grid","recently_viewed_products"]}