{"sections":{"image_banner_VwVFJ4":{"type":"image-banner","blocks":{"heading_hidGB8":{"type":"heading","settings":{"heading":"<p>Pure zachtheid voor je kleintje<\/p>","heading_size":"large","heading_style":"default","heading_tag":"h2","highlight_option":"underline","word_animation_color":"#ffffff"}},"caption_NK9QKF":{"type":"caption","settings":{"caption":"Ontdek onze collectie rompers, setjes & essentials","text_style":"subtitle","text_size":"large"}},"buttons_yFKdqj":{"type":"buttons","settings":{"button_label_1":"Bestsellers","button_link_1":"shopify:\/\/collections\/bestsellers","open_new_tab_1":false,"button_style_secondary_1":true,"button_label_2":"","button_link_2":"","open_new_tab_2":false,"button_style_secondary_2":false}}},"block_order":["heading_hidGB8","caption_NK9QKF","buttons_yFKdqj"],"disabled":true,"name":"t:sections.image-banner.presets.name","settings":{"image":"shopify:\/\/shop_images\/Untitled_design_5.png","image_overlay_opacity":20,"image_border_radius":20,"image_height":"adapt","desktop_content_position":"middle-left","show_text_box":false,"desktop_content_alignment":"left","ignore_spacing":false,"color_scheme_1":"","image_mobile":"shopify:\/\/shop_images\/Untitled_design_5.png","margin_spacing":"positive","margin_top":0,"mobile_content_alignment":"center","show_text_below":false}},"video_background_gxhz7q":{"type":"video-background","name":"t:sections.video-background.presets.name","settings":{"video_url":"shopify:\/\/files\/videos\/Untitled design (3).mp4","caption":"","text_style":"caption-with-letter-spacing","text_size":"medium","heading":"Pure zachtheid voor je kleintje","heading_size":"medium","heading_tag":"h2","text":"<h4><strong>Ontdek onze collectie rompers, setjes & essentials<\/strong><\/h4>","button_label":"Bestsellers","link":"shopify:\/\/collections\/bestsellers","open_new_tab_1":false,"video_style":"contain","full_width_background":true,"background_height":"small","box_align":"middle-center","box_vertical_align":"bottom","text_align":"center","ignore_box":false,"content_opacity":1,"blur":0.6,"opacity":1,"color_scheme":"option-2","color_scheme_1":"option-3","padding_top":0,"padding_bottom":0,"ignore_spacing":false,"video_url_mobile":"shopify:\/\/files\/videos\/Untitled design (2).mp4","background_height_mobile":"medium","margin_spacing":"positive","margin_top":0}},"collection_list_QzTFwN":{"type":"collection-list","blocks":{"featured_collection_j4zHCt":{"type":"featured_collection","settings":{"collection":"bestsellers"}},"featured_collection_PVm4Qm":{"type":"featured_collection","settings":{"collection":"meisjes"}},"featured_collection_EcTcRP":{"type":"featured_collection","settings":{"collection":"jongens"}},"featured_collection_rQhRbY":{"type":"featured_collection","settings":{"collection":"unisex"}},"featured_collection_eDTnfP":{"type":"featured_collection","settings":{"collection":"knuffeltjes"}}},"block_order":["featured_collection_j4zHCt","featured_collection_PVm4Qm","featured_collection_EcTcRP","featured_collection_rQhRbY","featured_collection_eDTnfP"],"name":"t:sections.collection-list.presets.name","settings":{"title":"Collecties","heading_size":"large","heading_style":"default","heading_tag":"h2","caption":"Bambino's","text_style":"caption-with-letter-spacing","text_size":"medium","enable_desktop_slider":true,"collection_list_style":"collection-list-one","image_ratio":"square","columns_desktop":4,"color_scheme":"option-1","color_scheme_1":"","padding_top":36,"padding_bottom":72,"ignore_spacing":false,"margin_spacing":"negative","margin_top":44,"columns_mobile":"2","swipe_on_mobile":true,"disable_arrow_mobile":true}},"collection_tabs_F97jbY":{"type":"collection-tabs","blocks":{"collection_Ydbmmb":{"type":"collection","settings":{"collection":"bestsellers","tab_heading":"Bestsellers"}},"collection_LThBLG":{"type":"collection","settings":{"collection":"meisjes","tab_heading":"Meisjes"}},"collection_UiBxB9":{"type":"collection","settings":{"collection":"jongens","tab_heading":"Jongens"}}},"block_order":["collection_Ydbmmb","collection_LThBLG","collection_UiBxB9"],"name":"t:sections.collection-tabs.presets.name","settings":{"caption":"","text_style":"caption-with-letter-spacing","text_size":"small","title":"Mama's favorieten","heading_size":"large","heading_style":"default","heading_tag":"h2","description":"","description_style":"body","collection_style":"collection-three","content_alignment":"center","products_to_show":10,"columns_desktop":4,"full_width":false,"enable_desktop_slider":true,"image_ratio":"square","show_secondary_image":false,"show_vendor":false,"enable_quick_add":false,"enable_quick_buy":false,"quick_add_position":"default","color_scheme":"option-2","color_scheme_1":"option-1","padding_top":32,"padding_bottom":0,"ignore_spacing":true,"margin_spacing":"negative","margin_top":0,"columns_mobile":"2","disable_quick_add":false,"swipe_on_mobile":true}},"two_images_text_MNPHLk":{"type":"two-images-text","blocks":{"caption_83eqJJ":{"type":"caption","disabled":true,"settings":{"caption":"Add a tagline","text_style":"caption-with-letter-spacing","text_size":"medium"}},"heading_XpKWT7":{"type":"heading","settings":{"heading":"Voor de allerkleinsten, met liefde gemaakt","heading_size":"large","heading_style":"default","heading_tag":"h2"}},"text_t8fheE":{"type":"text","settings":{"text":"<p>Ontdek onze collectie zachte, comfortabele babykleding. Ontworpen voor de eerste momenten, de kleine lachjes en het grote geluk.<br\/><br\/>Elk item is gemaakt van huidvriendelijke materialen en past bij de warme, natuurlijke stijl van jouw kleintje.<\/p>"}},"button_9wd3cT":{"type":"button","settings":{"button_label":"Bekijk de nieuwe collecties","button_link":"shopify:\/\/collections","open_new_tab_1":false}}},"block_order":["caption_83eqJJ","heading_XpKWT7","text_t8fheE","button_9wd3cT"],"name":"t:sections.two-images-text.presets.name","settings":{"image":"shopify:\/\/shop_images\/Untitled_design_-_2025-09-20T040958.858_c70dc388-3ace-4a92-a37f-9b3fc8da5c8c.png","image_2":"shopify:\/\/shop_images\/Untitled_design_-_2025-09-20T050840.615.png","layout":"image_first","color_scheme":"","padding_top":48,"padding_bottom":48,"ignore_spacing":true,"margin_spacing":"positive","margin_top":52,"layout_mobile":"image_first"}},"separator_f7kedi":{"type":"separator","name":"t:sections.separator.presets.name","settings":{"separator_style":"wave","spacer_color":"#fdf6ea","margin_top_desktop":0,"margin_bottom_desktop":36,"ignore_spacing":true,"margin_spacing":"positive","margin_top":60}},"image_with_text_hy9rzF":{"type":"image-with-text","blocks":{"heading_ng7caC":{"type":"heading","settings":{"heading":"Zacht en comfortabel","heading_size":"large","heading_style":"default","heading_tag":"h2"}},"text_ApmDxE":{"type":"text","settings":{"text":"<p>Onze babykleding is gemaakt van stoffen die lief zijn voor de gevoelige huid van jouw kleintje. Licht, ademend en heerlijk zacht – zodat je baby zich altijd geborgen en comfortabel voelt.<\/p>","text_style":"body"}},"button_mnCGKn":{"type":"button","settings":{"button_label":"Speciaal voor jouw kleintje","button_link":"shopify:\/\/collections","open_new_tab_1":false,"button_style_secondary":false}}},"block_order":["heading_ng7caC","text_ApmDxE","button_mnCGKn"],"disabled":true,"name":"t:sections.image-with-text.presets.name","settings":{"image":"shopify:\/\/shop_images\/Untitled_design_-_2025-09-21T033340.180.png","caption":"","desktop_image_width":"medium","layout":"image_first","desktop_content_position":"middle","desktop_content_alignment":"left","full_width":false,"color_scheme":"","padding_top":100,"padding_bottom":0,"ignore_spacing":false,"margin_spacing":"negative","margin_top":28,"mobile_content_alignment":"center"}},"contact_form_yqMVUb":{"type":"contact-form","name":"t:sections.contact-form.presets.name","settings":{"contact_style":"column","image":"shopify:\/\/shop_images\/Untitled_design_-_2025-09-20T060525.197.png","image_height":"adapt","hide_image":false,"caption":"","text_style":"caption-with-letter-spacing","text_size":"medium","heading":"Heb je een vraag voor ons?","heading_size":"large","heading_style":"default","heading_tag":"h2","text":"<p>Of het nu gaat om maten, stoffen of gewoon een lief berichtje – stuur ons je vraag en we reageren altijd binnen 24 uur.<\/p>","button_label_1":"","button_link_1":"","open_new_tab_1":false,"button_style_secondary_1":false,"full_width":false,"hide_phone_field":true,"color_scheme":"","color_scheme_1":"","padding_top":36,"padding_bottom":36,"ignore_spacing":false,"image_height_mobile":"small","margin_spacing":"negative","margin_top":0}}},"order":["image_banner_VwVFJ4","video_background_gxhz7q","collection_list_QzTFwN","collection_tabs_F97jbY","two_images_text_MNPHLk","separator_f7kedi","image_with_text_hy9rzF","contact_form_yqMVUb"]}