{"sections":{"main":{"type":"main-list-collections","disabled":true,"settings":{"title":"My Little Bambino's Collecties","sort":"alphabetical","image_ratio":"square","columns_desktop":5,"color_scheme":"option-1","color_scheme_1":"option-2","padding_top":0,"padding_bottom":36}},"collection_list_4M6b4b":{"type":"collection-list","blocks":{"featured_collection_gW4xUf":{"type":"featured_collection","settings":{"collection":"meisjes"}},"featured_collection_xUfqCA":{"type":"featured_collection","settings":{"collection":"jongens"}},"featured_collection_xWb3BY":{"type":"featured_collection","settings":{"collection":"bestsellers"}},"featured_collection_LwKG69":{"type":"featured_collection","settings":{"collection":"unisex"}},"featured_collection_WCnpfR":{"type":"featured_collection","disabled":true,"settings":{"collection":"positiekleding"}},"featured_collection_ciGGNM":{"type":"featured_collection","settings":{"collection":"babyschoentjes-bestsellers"}},"featured_collection_JXC8JH":{"type":"featured_collection","settings":{"collection":"knuffeltjes"}}},"block_order":["featured_collection_gW4xUf","featured_collection_xUfqCA","featured_collection_xWb3BY","featured_collection_LwKG69","featured_collection_WCnpfR","featured_collection_ciGGNM","featured_collection_JXC8JH"],"name":"t:sections.collection-list.presets.name","settings":{"title":"Collecties","heading_size":"medium","heading_style":"default","heading_tag":"h2","caption":"My Little Bambino","text_style":"caption-with-letter-spacing","text_size":"small","enable_desktop_slider":false,"collection_list_style":"collection-list-one","image_ratio":"square","columns_desktop":6,"color_scheme":"","color_scheme_1":"","padding_top":36,"padding_bottom":36,"ignore_spacing":false,"margin_spacing":"negative","margin_top":0,"columns_mobile":"1","swipe_on_mobile":false,"disable_arrow_mobile":true}}},"order":["main","collection_list_4M6b4b"]}