{
  "sections": {
    "main": {
      "type": "main-page",
      "disabled": true,
      "settings": {
        "padding_top": 36,
        "padding_bottom": 36
      }
    },
    "image_banner": {
      "type": "image-banner",
      "blocks": {
        "heading": {
          "type": "heading",
          "settings": {
            "heading": "<p>About Us</p>",
            "heading_size": "extra-large",
            "heading_style": "default",
            "heading_tag": "h2",
            "highlight_option": "underline-hand",
            "word_animation_color": "#ffffff"
          }
        }
      },
      "block_order": [
        "heading"
      ],
      "settings": {
        "image": "",
        "image_overlay_opacity": 50,
        "image_height": "small",
        "desktop_content_position": "bottom-center",
        "show_text_box": false,
        "desktop_content_alignment": "center",
        "ignore_spacing": false,
        "color_scheme_1": "",
        "margin_spacing": "negative",
        "margin_top": 0,
        "mobile_content_alignment": "center",
        "show_text_below": false
      }
    },
    "rich_text": {
      "type": "rich-text",
      "blocks": {
        "image": {
          "type": "image",
          "settings": {
            "image": ""
          }
        },
        "heading": {
          "type": "heading",
          "settings": {
            "heading": "<p>Welcome to Our World</p>",
            "heading_size": "large",
            "heading_style": "default",
            "heading_tag": "h2",
            "highlight_option": "underline-hand",
            "word_animation_color": "#d4c4d9"
          }
        },
        "text": {
          "type": "text",
          "settings": {
            "text": "<p>Explore our curated selection of stylish kids’ fashion, fun toys, and charming furniture designed to inspire creativity and comfort. </p>"
          }
        }
      },
      "block_order": [
        "image",
        "heading",
        "text"
      ],
      "settings": {
        "desktop_content_position": "center",
        "content_alignment": "center",
        "full_width": true,
        "color_scheme": "option-2",
        "padding_top": 32,
        "padding_bottom": 36,
        "ignore_spacing": true,
        "margin_spacing": "positive",
        "margin_top": 76,
        "mobile_content_alignment": "center"
      }
    },
    "separator_1": {
      "type": "separator",
      "settings": {
        "separator_style": "wave",
        "spacer_color": "#fdf6ea",
        "margin_top_desktop": 0,
        "margin_bottom_desktop": 36,
        "ignore_spacing": true,
        "margin_spacing": "negative",
        "margin_top": 0
      }
    },
    "image_with_text": {
      "type": "image-with-text",
      "blocks": {
        "heading": {
          "type": "heading",
          "settings": {
            "heading": "The Story Behind Us",
            "heading_size": "large",
            "heading_style": "default",
            "heading_tag": "h2"
          }
        },
        "text": {
          "type": "text",
          "settings": {
            "text": "<p>We believe that every child deserves a space that is as unique, vibrant, and full of life as they are. Our story begins with the vision to create a brand that combines style, comfort, and functionality—offering products that inspire both parents and children alike. From stylish kids' fashion and innovative furniture to educational toys, our collection is designed to grow with your little one while fostering their imagination and creativity.</p>",
            "text_style": "body"
          }
        }
      },
      "block_order": [
        "heading",
        "text"
      ],
      "settings": {
        "image": "",
        "caption": "Our Story",
        "desktop_image_width": "medium",
        "layout": "image_first",
        "desktop_content_position": "middle",
        "desktop_content_alignment": "left",
        "full_width": true,
        "color_scheme": "option-1",
        "padding_top": 0,
        "padding_bottom": 0,
        "ignore_spacing": false,
        "margin_spacing": "negative",
        "margin_top": 0,
        "mobile_content_alignment": "left"
      }
    },
    "image_with_text_1": {
      "type": "image-with-text",
      "blocks": {
        "heading": {
          "type": "heading",
          "settings": {
            "heading": "Quality & Sustainability",
            "heading_size": "large",
            "heading_style": "default",
            "heading_tag": "h2"
          }
        },
        "text": {
          "type": "text",
          "settings": {
            "text": "<p>We are dedicated to creating products that are not only stylish and functional but also environmentally responsible. We carefully select sustainable materials and focus on ethical production practices to ensure that every piece is safe for your child and kind to the planet. From eco-friendly fabrics to durable, long-lasting furniture, our commitment to quality and sustainability is at the heart of everything we do. We're here to help you create a beautiful, eco-conscious space for your little one, without compromising on style or safety.</p>",
            "text_style": "body"
          }
        }
      },
      "block_order": [
        "heading",
        "text"
      ],
      "settings": {
        "image": "",
        "caption": "",
        "desktop_image_width": "medium",
        "layout": "text_first",
        "desktop_content_position": "middle",
        "desktop_content_alignment": "left",
        "full_width": true,
        "color_scheme": "option-1",
        "padding_top": 0,
        "padding_bottom": 0,
        "ignore_spacing": false,
        "margin_spacing": "negative",
        "margin_top": 36,
        "mobile_content_alignment": "left"
      }
    },
    "separator_2": {
      "type": "separator",
      "settings": {
        "separator_style": "scalloped",
        "spacer_color": "#fdf6ea",
        "margin_top_desktop": 36,
        "margin_bottom_desktop": 36,
        "ignore_spacing": false,
        "margin_spacing": "negative",
        "margin_top": 24
      }
    },
    "multicolumn": {
      "type": "multicolumn",
      "blocks": {
        "column_1": {
          "type": "column",
          "settings": {
            "image": "",
            "hide_image": false,
            "title": "Emma Thompson",
            "text": "<p>Emma is a talented designer, specializing in creating stylish and functional kids' products. With a passion for detail and user-friendly design, she ensures every piece blends beauty and practicality. Outside of work, Emma enjoys reading, exploring design trends, and spending time with her family.</p>",
            "link_label": "",
            "link": ""
          }
        },
        "column_2": {
          "type": "column",
          "settings": {
            "image": "",
            "hide_image": false,
            "title": "Daniela Martinez",
            "text": "<p>Daniela is a creative force, focusing on product development and customer experience. With a passion for innovation and quality, she ensures that every product meets the highest standards. In her free time, Daniela loves experimenting with new ideas, traveling, and spending time with loved ones.</p>",
            "link_label": "",
            "link": ""
          }
        },
        "column_3": {
          "type": "column",
          "settings": {
            "image": "",
            "hide_image": false,
            "title": "Lily Brooks",
            "text": "<p>Lily is a key member of our team, dedicated to marketing and brand strategy. With her creativity and strong understanding of customer needs, she helps bring our vision to life. Outside of work, Lily enjoys photography, exploring new places, and practicing yoga.</p>",
            "link_label": "",
            "link": ""
          }
        }
      },
      "block_order": [
        "column_1",
        "column_2",
        "column_3"
      ],
      "settings": {
        "multicolumn_style": "style-one",
        "enable_card_background": false,
        "caption": "",
        "text_style": "caption-with-letter-spacing",
        "text_size": "medium",
        "title": "",
        "heading_size": "large",
        "heading_style": "default",
        "heading_tag": "h2",
        "image_width": "half",
        "image_ratio": "circle",
        "columns_desktop": 3,
        "column_alignment": "center",
        "button_label": "",
        "button_link": "",
        "color_scheme": "option-2",
        "color_scheme_1": "",
        "padding_top": 36,
        "padding_bottom": 36,
        "ignore_spacing": true,
        "margin_spacing": "positive",
        "margin_top": 56,
        "columns_mobile": "1",
        "swipe_on_mobile": false,
        "disable_arrow_mobile": true
      }
    },
    "slick_slider": {
      "type": "slick-slider",
      "blocks": {
        "slide_1": {
          "type": "slide",
          "settings": {
            "image": "",
            "heading": "Charming Kids Furniture",
            "caption": "Create a cozy, functional space with our collection of stylish kids' furniture, designed to grow with your child.",
            "button_label": "Explore Furniture",
            "link": "",
            "show_link_button": false
          }
        },
        "slide_2": {
          "type": "slide",
          "settings": {
            "image": "",
            "heading": "Whimsical Kids Fashion",
            "caption": "Dress your little ones in playful and stylish outfits designed for comfort and fun. Discover the perfect pieces for every adventure.",
            "button_label": "Shop Fashion",
            "link": "",
            "show_link_button": false
          }
        },
        "slide_3": {
          "type": "slide",
          "settings": {
            "image": "",
            "heading": "A Cozy, Stylish Nursery",
            "caption": "Create the perfect environment for your baby with our thoughtfully designed nursery furniture and accessories.",
            "button_label": "Shop Nursery Furniture",
            "link": "",
            "show_link_button": false
          }
        },
        "slide_4": {
          "type": "slide",
          "settings": {
            "image": "",
            "heading": "Fun & Educational Toys",
            "caption": "Spark creativity and learning with our carefully curated selection of toys for every stage of childhood.",
            "button_label": "Shop Toys",
            "link": "",
            "show_link_button": false
          }
        }
      },
      "block_order": [
        "slide_1",
        "slide_2",
        "slide_3",
        "slide_4"
      ],
      "settings": {
        "auto_rotate": true,
        "slider_interval": 4,
        "full_width": false,
        "image_opacity": 0.6,
        "opacity_mobile": true,
        "heading_size": 3.7,
        "heading_tag": "h2",
        "heading_style": "none",
        "caption_size": 1.9,
        "caption_style": "none",
        "link_size": 1.8,
        "color_scheme": "",
        "margin_spacing": "negative",
        "margin_top": 0,
        "padding_top": 0,
        "padding_bottom": 0,
        "ignore_spacing": false
      }
    }
  },
  "order": [
    "main",
    "image_banner",
    "rich_text",
    "separator_1",
    "image_with_text",
    "image_with_text_1",
    "separator_2",
    "multicolumn",
    "slick_slider"
  ]
}