{"sections":{"main":{"type":"main-page","disabled":true,"settings":{"padding_top":0,"padding_bottom":0}},"image_banner":{"type":"image-banner","blocks":{"heading":{"type":"heading","settings":{"heading":"<p>Contact<\/p>","heading_size":"extra-large","heading_style":"default","heading_tag":"h2","highlight_option":"underline","word_animation_color":"#ffffff"}}},"block_order":["heading"],"disabled":true,"settings":{"image":"shopify:\/\/shop_images\/Untitled_design_-_2025-09-20T060355.277.png","image_overlay_opacity":50,"image_border_radius":50,"image_height":"medium","desktop_content_position":"bottom-center","show_text_box":false,"desktop_content_alignment":"center","ignore_spacing":false,"color_scheme_1":"","margin_spacing":"negative","margin_top":0,"mobile_content_alignment":"center","show_text_below":false}},"contact-form":{"type":"contact-form","settings":{"contact_style":"column","image":"shopify:\/\/shop_images\/Untitled_design_-_2025-09-20T060525.197.png","image_height":"adapt","hide_image":false,"caption":"","text_style":"caption-with-letter-spacing","text_size":"medium","heading":"Contactformulier","heading_size":"medium","heading_style":"default","heading_tag":"h2","text":"<p>Heb je vragen over je bestelling of een product. Twijfel niet en neem contact met ons op<\/p>","button_label_1":"","button_link_1":"","open_new_tab_1":false,"button_style_secondary_1":false,"full_width":true,"hide_phone_field":true,"color_scheme":"option-2","color_scheme_1":"option-3","padding_top":0,"padding_bottom":0,"ignore_spacing":true,"image_height_mobile":"small","margin_spacing":"negative","margin_top":84}}},"order":["main","image_banner","contact-form"]}