{"sections":{"main":{"type":"main-page","disabled":true,"settings":{"padding_top":36,"padding_bottom":36}},"image_banner":{"type":"image-banner","blocks":{"heading":{"type":"heading","settings":{"heading":"<p>Over ons<\/p>","heading_size":"extra-large","heading_style":"default","heading_tag":"h2","highlight_option":"underline-hand","word_animation_color":"#ffffff"}}},"block_order":["heading"],"settings":{"image":"shopify:\/\/shop_images\/Untitled_design_-_2025-09-20T223115.274_68b69425-fccd-4378-8e16-f7435d01d95b_1.png","image_overlay_opacity":20,"image_border_radius":0,"image_height":"adapt","desktop_content_position":"middle-center","show_text_box":false,"desktop_content_alignment":"center","ignore_spacing":false,"color_scheme_1":"option-3","image_mobile":"shopify:\/\/shop_images\/Untitled_design_-_2025-09-20T223115.274_73e1088f-aff8-4060-a4b2-35caf10dfa91.png","margin_spacing":"negative","margin_top":0,"mobile_content_alignment":"center","show_text_below":false}},"rich_text":{"type":"rich-text","blocks":{"image":{"type":"image","settings":{"image":"shopify:\/\/shop_images\/Untitled_design_-_2025-09-11T144614.980_4c61c8cc-11ba-4d68-807c-cdc4c5c610cf.png"}},"heading":{"type":"heading","settings":{"heading":"<p>Welkom bij My Little Bambino<\/p>","heading_size":"large","heading_style":"default","heading_tag":"h2","highlight_option":"underline-hand","word_animation_color":"#d4c4d9"}},"text":{"type":"text","settings":{"text":"<p>Bij My Little Bambino vind je alles voor blije baby’s en trotse mama’s – van zachte, speelse outfits tot knusse accessoires die elke dag bijzonder maken.<\/p>"}}},"block_order":["image","heading","text"],"settings":{"desktop_content_position":"center","content_alignment":"center","full_width":true,"color_scheme":"option-2","padding_top":32,"padding_bottom":36,"ignore_spacing":true,"margin_spacing":"positive","margin_top":60,"mobile_content_alignment":"center"}},"separator_1":{"type":"separator","settings":{"separator_style":"wave","spacer_color":"#fdf6ea","margin_top_desktop":0,"margin_bottom_desktop":36,"ignore_spacing":true,"margin_spacing":"negative","margin_top":0}},"image_with_text":{"type":"image-with-text","blocks":{"heading":{"type":"heading","settings":{"heading":"Ons verhaal","heading_size":"large","heading_style":"default","heading_tag":"h2"}},"text":{"type":"text","settings":{"text":"<p>Bij My Little Bambino begint alles met liefde voor gezinnen.<br\/><br\/>Als familiebedrijf begrijpen wij hoe belangrijk het is dat babykleding niet alleen mooi is, maar ook zacht voor de gevoelige huid, warm genoeg voor buiten en comfortabel om in te bewegen.<\/p><p>Onze passie is ontstaan vanuit de wens om kwalitatieve babykleding bereikbaar te maken voor iedere ouder.<br\/><br\/>Van schattige rompers tot knusse setjes — wij combineren stijl, kwaliteit en betaalbaarheid in collecties die met je kindje meegroeien.<br\/><br\/>Met elke stap willen we ouders ondersteunen en kinderen laten stralen, omdat familie voor ons altijd op de eerste plaats komt.<\/p>","text_style":"body"}}},"block_order":["heading","text"],"settings":{"image":"shopify:\/\/shop_images\/Untitled_design_-_2025-09-20T225101.117.png","caption":"Met liefde voor gezinnen","desktop_image_width":"medium","layout":"image_first","desktop_content_position":"middle","desktop_content_alignment":"left","full_width":true,"color_scheme":"option-1","padding_top":0,"padding_bottom":0,"ignore_spacing":false,"margin_spacing":"negative","margin_top":0,"mobile_content_alignment":"left"}},"image_with_text_1":{"type":"image-with-text","blocks":{"heading":{"type":"heading","settings":{"heading":"Kwaliteit & Duurzaamheid","heading_size":"large","heading_style":"default","heading_tag":"h2"}},"text":{"type":"text","settings":{"text":"<p>Bij My Little Bambino geloven we dat mooie kleding hand in hand kan gaan met zorg voor mens en planeet. Daarom kiezen we zorgvuldig voor materialen die veilig zijn voor je kindje én vriendelijk voor het milieu.<\/p><p>Wij hechten waarde aan eerlijke productie en duurzame keuzes die bijdragen aan een betere toekomst. Van zachte, huidvriendelijke stoffen tot collecties die lang meegaan, onze belofte is dat je nooit hoeft in te leveren op stijl of veiligheid. Zo bouwen we samen aan een wereld waarin kinderen onbezorgd kunnen opgroeien.<\/p>","text_style":"body"}}},"block_order":["heading","text"],"settings":{"image":"shopify:\/\/shop_images\/Untitled_design_-_2025-09-20T230248.408.png","caption":"Duurzaam, voor de generaties die komen","desktop_image_width":"medium","layout":"text_first","desktop_content_position":"middle","desktop_content_alignment":"left","full_width":true,"color_scheme":"option-1","padding_top":0,"padding_bottom":0,"ignore_spacing":false,"margin_spacing":"negative","margin_top":36,"mobile_content_alignment":"left"}}},"order":["main","image_banner","rich_text","separator_1","image_with_text","image_with_text_1"]}