
{
    "sections": {
      "main": {
        "type": "main-page",
        "disabled": true,
        "settings": {
          "padding_top": 36,
          "padding_bottom": 36
        }
      },
      "image_banner": {
        "type": "image-banner",
        "blocks": {
          "heading": {
            "type": "heading",
            "settings": {
              "heading": "<p>FAQ</p>",
              "heading_size": "extra-large",
              "heading_style": "default",
              "heading_tag": "h2",
              "highlight_option": "underline",
              "word_animation_color": "#ffffff"
            }
          }
        },
        "block_order": [
          "heading"
        ],
        "settings": {
          "image": "",
          "image_overlay_opacity": 40,
          "image_height": "small",
          "desktop_content_position": "bottom-center",
          "show_text_box": false,
          "desktop_content_alignment": "center",
          "ignore_spacing": false,
          "color_scheme_1": "",
          "margin_spacing": "negative",
          "margin_top": 0,
          "mobile_content_alignment": "center",
          "show_text_below": false
        }
      },
      "multicolumn": {
        "type": "multicolumn",
        "blocks": {
          "column_1": {
            "type": "column",
            "settings": {
              "hide_image": false,
              "title": "Orders & Support",
              "text": "<p>Share information about your brand with your customers. Describe a product, make announcements, or welcome customers to your store.</p>",
              "link_label": "View FAQ",
              "link": "#orders"
            }
          },
          "column_2": {
            "type": "column",
            "settings": {
              "hide_image": false,
              "title": "Shipping & Returns",
              "text": "<p>Share information about your brand with your customers. Describe a product, make announcements, or welcome customers to your store.</p>",
              "link_label": "View FAQ",
              "link": "#shipping"
            }
          },
          "column_3": {
            "type": "column",
            "settings": {
              "hide_image": false,
              "title": "Product Info",
              "text": "<p>Share information about your brand with your customers. Describe a product, make announcements, or welcome customers to your store.</p>",
              "link_label": "View FAQ",
              "link": "#product"
            }
          }
        },
        "block_order": [
          "column_1",
          "column_2",
          "column_3"
        ],
        "settings": {
          "multicolumn_style": "style-two",
          "enable_card_background": false,
          "caption": "",
          "text_style": "caption-with-letter-spacing",
          "text_size": "medium",
          "title": "",
          "heading_size": "large",
          "heading_style": "default",
          "heading_tag": "h2",
          "image_width": "third",
          "image_ratio": "circle",
          "columns_desktop": 3,
          "column_alignment": "left",
          "button_label": "",
          "button_link": "",
          "color_scheme": "option-1",
          "color_scheme_1": "",
          "padding_top": 0,
          "padding_bottom": 36,
          "ignore_spacing": false,
          "margin_spacing": "negative",
          "margin_top": 0,
          "columns_mobile": "1",
          "swipe_on_mobile": false,
          "disable_arrow_mobile": true
        }
      },
      "anchor_link_1": {
        "type": "anchor-link",
        "settings": {
          "anchor": ""
        }
      },
      "separator_1": {
        "type": "separator",
        "settings": {
          "separator_style": "wave-2",
          "spacer_color": "#fdf6ea",
          "margin_top_desktop": 36,
          "margin_bottom_desktop": 36,
          "ignore_spacing": true,
          "margin_spacing": "negative",
          "margin_top": 0
        }
      },
      "collapsible-content": {
        "type": "collapsible-content",
        "blocks": {
          "collapsible_row-0": {
            "type": "collapsible_row",
            "settings": {
              "heading": "How can I place an order?",
              "icon": "question_mark",
              "row_content": "<p>Placing an order is quick and easy. Simply browse our online store, select the products you desire, and add them to your cart. Proceed to the checkout process, where you'll provide your shipping and payment details. Once your order is confirmed, we'll take care of the rest.</p>",
              "page": ""
            }
          },
          "collapsible_row-1": {
            "type": "collapsible_row",
            "settings": {
              "heading": "What payment methods do you accept?",
              "icon": "question_mark",
              "row_content": "<p>We accept various payment methods, including major credit cards (Visa, Mastercard, American Express), PayPal, and other secure online payment platforms. Rest assured that your payment information is protected and encrypted for a secure transaction.</p>",
              "page": ""
            }
          },
          "collapsible_row-2": {
            "type": "collapsible_row",
            "settings": {
              "heading": "How long will it take to receive my order?",
              "icon": "question_mark",
              "row_content": "<p>We strive to process and ship orders as quickly as possible. After your order is placed, please allow 1-2 business days for processing. Shipping times may vary depending on your location and the shipping method selected at checkout. You can find more information about estimated delivery times on our website or contact our support team for specific inquiries.</p>",
              "page": ""
            }
          },
          "collapsible_row-3": {
            "type": "collapsible_row",
            "settings": {
              "heading": "Can I track my order?",
              "icon": "question_mark",
              "row_content": "<p>Yes, absolutely! Once your order is shipped, we'll provide you with a tracking number via email. You can use this tracking number to monitor the progress of your package and stay updated on its estimated delivery date. If you have any issues with tracking your order, feel free to reach out to our support team for assistance.</p>",
              "page": ""
            }
          },
          "collapsible_row-4": {
            "type": "collapsible_row",
            "settings": {
              "heading": "What if I have questions or need assistance with my order?",
              "icon": "question_mark",
              "row_content": "<p>We're here to help! If you have any questions or need support regarding your order, our dedicated customer support team is available to assist you. You can reach out to us through our contact form, email, or phone. We strive to provide prompt and helpful responses to ensure your shopping experience with us is seamless.</p>",
              "page": ""
            }
          }
        },
        "block_order": [
          "collapsible_row-0",
          "collapsible_row-1",
          "collapsible_row-2",
          "collapsible_row-3",
          "collapsible_row-4"
        ],
        "settings": {
          "caption": "Support FAQs",
          "text_style": "caption-with-letter-spacing",
          "text_size": "medium",
          "heading": "Orders & Support",
          "heading_size": "large",
          "heading_style": "default",
          "heading_tag": "h2",
          "heading_alignment": "left",
          "open_first_collapsible_row": true,
          "open_all_collapsible_row": false,
          "color_scheme": "option-2",
          "color_scheme_1": "",
          "padding_top": 64,
          "padding_bottom": 64,
          "ignore_spacing": true,
          "margin_spacing": "negative",
          "margin_top": 0
        }
      },
      "anchor_link_2": {
        "type": "anchor-link",
        "settings": {
          "anchor": "shipping"
        }
      },
      "collapsible-content-1": {
        "type": "collapsible-content",
        "blocks": {
          "collapsible_row_0": {
            "type": "collapsible_row",
            "settings": {
              "heading": "How much does shipping cost?",
              "icon": "question_mark",
              "row_content": "<p>Shipping costs may vary depending on your location and the weight of your order. During the checkout process, you will be provided with various shipping options along with their respective costs. Choose the option that best suits your needs and budget.</p>",
              "page": ""
            }
          },
          "collapsible_row-1": {
            "type": "collapsible_row",
            "settings": {
              "heading": "Do you offer international shipping?",
              "icon": "question_mark",
              "row_content": "<p>Yes, we offer international shipping to many countries. However, please note that international shipping times and costs may differ from domestic shipping. Make sure to review the shipping options available for your country during the checkout process.</p>",
              "page": ""
            }
          },
          "collapsible_row-2": {
            "type": "collapsible_row",
            "settings": {
              "heading": "How long does shipping take?",
              "icon": "question_mark",
              "row_content": "<p>Shipping times can vary depending on your location and the shipping method chosen. Typically, domestic orders within [Country] are delivered within 3-5 business days. International shipping times may range from 7-14 business days, depending on the destination. Please note that these are estimated times and delays may occur due to unforeseen circumstances or customs procedures.</p>",
              "page": ""
            }
          },
          "collapsible_row-3": {
            "type": "collapsible_row",
            "settings": {
              "heading": "What is your return policy?",
              "icon": "question_mark",
              "row_content": "<p>We want you to be completely satisfied with your purchase. If for any reason you are not happy with your order, we accept returns within 30 days of the original purchase date. Please ensure that the product is unopened, unused, and in its original packaging for a successful return. Kindly refer to our Returns Policy on our website for detailed instructions on initiating a return.</p>",
              "page": ""
            }
          },
          "collapsible_row-4": {
            "type": "collapsible_row",
            "settings": {
              "heading": "How do I initiate a return?",
              "icon": "question_mark",
              "row_content": "<p>Initiating a return is easy. Simply contact our customer support team with your order details and reason for return. Our team will guide you through the process and provide you with further instructions on returning the product. Please note that return shipping costs may be the responsibility of the customer, unless the return is due to an error on our part.</p>",
              "page": ""
            }
          },
          "collapsible_row-5": {
            "type": "collapsible_row",
            "settings": {
              "heading": "What if my order arrives damaged or there is an issue with the product?",
              "icon": "question_mark",
              "row_content": "<p>We apologize for any inconvenience caused by a damaged or defective product. If you receive a damaged item or there is an issue with the product, please contact our customer support team immediately. We will gladly assist you in resolving the issue and arranging a replacement or refund as necessary.</p>",
              "page": ""
            }
          }
        },
        "block_order": [
          "collapsible_row_0",
          "collapsible_row-1",
          "collapsible_row-2",
          "collapsible_row-3",
          "collapsible_row-4",
          "collapsible_row-5"
        ],
        "settings": {
          "caption": "Support FAQs",
          "text_style": "caption-with-letter-spacing",
          "text_size": "medium",
          "heading": "Shipping & Returns",
          "heading_size": "large",
          "heading_style": "default",
          "heading_tag": "h2",
          "heading_alignment": "left",
          "open_first_collapsible_row": false,
          "open_all_collapsible_row": false,
          "color_scheme": "option-1",
          "color_scheme_1": "option-2",
          "padding_top": 64,
          "padding_bottom": 64,
          "ignore_spacing": true,
          "margin_spacing": "negative",
          "margin_top": 0
        }
      },
      "anchor_link_3": {
        "type": "anchor-link",
        "settings": {
          "anchor": "product"
        }
      },
      "separator_2": {
        "type": "separator",
        "settings": {
          "separator_style": "wave-3",
          "spacer_color": "#fdf6ea",
          "margin_top_desktop": 36,
          "margin_bottom_desktop": 36,
          "ignore_spacing": true,
          "margin_spacing": "negative",
          "margin_top": 0
        }
      },
      "collapsible-content-2": {
        "type": "collapsible-content",
        "blocks": {
          "collapsible_row-0": {
            "type": "collapsible_row",
            "settings": {
              "heading": "Are your products organic?",
              "icon": "question_mark",
              "row_content": "<p>Absolutely! We prioritize the use of organic and natural ingredients in our formulations. Our products are carefully crafted to harness the power of nature.</p>",
              "page": ""
            }
          },
          "collapsible_row-1": {
            "type": "collapsible_row",
            "settings": {
              "heading": "Are your products cruelty-free?",
              "icon": "question_mark",
              "row_content": "<p>Yes, we are proud to be a cruelty-free brand. We do not conduct any animal testing, and our products are certified cruelty-free by reputable organizations. We believe in the ethical treatment of animals and ensure that our products are developed without any harm to our furry friends.</p>",
              "page": ""
            }
          },
          "collapsible_row-2": {
            "type": "collapsible_row",
            "settings": {
              "heading": "Are the materials used in the furniture safe for babies?",
              "icon": "question_mark",
              "row_content": "<p>Absolutely! Our furniture is made from non-toxic, baby-safe materials and finishes, ensuring that your child’s nursery is both beautiful and safe.</p>",
              "page": ""
            }
          },
          "collapsible_row-3": {
            "type": "collapsible_row",
            "settings": {
              "heading": "Can the crib be easily assembled at home?",
              "icon": "question_mark",
              "row_content": "<p>Yes, the crib comes with clear instructions and all the necessary tools for easy assembly. It’s quick and simple to put together, so you can have your baby’s nursery ready in no time.</p>",
              "page": ""
            }
          }
        },
        "block_order": [
          "collapsible_row-0",
          "collapsible_row-1",
          "collapsible_row-2",
          "collapsible_row-3"
        ],
        "settings": {
          "caption": "Support FAQs",
          "text_style": "caption-with-letter-spacing",
          "text_size": "medium",
          "heading": "Product Info",
          "heading_size": "large",
          "heading_style": "default",
          "heading_tag": "h2",
          "heading_alignment": "left",
          "open_first_collapsible_row": false,
          "open_all_collapsible_row": false,
          "color_scheme": "option-2",
          "color_scheme_1": "",
          "padding_top": 64,
          "padding_bottom": 64,
          "ignore_spacing": true,
          "margin_spacing": "negative",
          "margin_top": 0
        }
      },
      "contact_form": {
        "type": "contact-form",
        "settings": {
          "contact_style": "column",
          "image": "",
          "image_height": "adapt",
          "hide_image": false,
          "caption": "",
          "text_style": "caption-with-letter-spacing",
          "text_size": "medium",
          "heading": "Get in Touch",
          "heading_size": "large",
          "heading_style": "default",
          "heading_tag": "h2",
          "text": "<p>We’d be delighted to connect with you! Our team is ready to assist. Reach out by filling in the email form below.</p>",
          "button_label_1": "Contact Now",
          "button_link_1": "",
          "button_style_secondary_1": false,
          "full_width": false,
          "hide_phone_field": false,
          "color_scheme": "",
          "color_scheme_1": "",
          "padding_top": 36,
          "padding_bottom": 36,
          "ignore_spacing": true,
          "image_height_mobile": "small",
          "margin_spacing": "negative",
          "margin_top": 0
        }
      }
    },
    "order": [
      "main",
      "image_banner",
      "multicolumn",
      "anchor_link_1",
      "separator_1",
      "collapsible-content",
      "anchor_link_2",
      "collapsible-content-1",
      "anchor_link_3",
      "separator_2",
      "collapsible-content-2",
      "contact_form"
    ]
  }