{
  "layout": "password",
  "sections": {
    "main": {
      "type": "email-signup-banner",
      "blocks": {
        "heading": {
          "type": "heading",
          "settings": {
            "heading": "Heading",
            "heading_size": "h1",
            "heading_tag": "h2"
          }
        },
        "paragraph": {
          "type": "paragraph",
          "settings": {
            "text": "<p>Text goes here<\/p>",
            "text_style": "body"
          }
        },
        "email_form": {
          "type": "email_form",
          "settings": {
          }
        }
      },
      "block_order": [
        "heading",
        "paragraph",
        "email_form"
      ],
      "settings": {
        "image": "",
        "layout": "image_first",
        "color_scheme": "option-1",
        "full_width": false,
        "ignore_spacing": false,
        "padding_top": 36,
        "padding_bottom": 36
      }
    }
  },
  "order": [
    "main"
  ]
}