{"sections":{"main":{"type":"main-product","blocks":{"title":{"type":"title","settings":{"column":"left","heading_size":"large","margin_top":10,"hide_quick_view":false}},"product-meta":{"type":"product-meta","settings":{"column":"left","show_product_inventory":true,"text_style":"uppercase","inventory_threshold":51,"show_inventory_quantity":false,"show_product_sku":false,"margin_top":0,"hide_quick_view":false}},"price":{"type":"price","settings":{"column":"left","price_size":"small","margin_top":0,"hide_quick_view":false}},"spacer_1":{"type":"spacer","settings":{"column":"left","margin_top":0,"hide_quick_view":false}},"delivery_estimator":{"type":"delivery_estimator","settings":{"column":"left","delivery_estimator_text":"Delivery between","earliest_delivery":"2","latest_delivery":"4","color_scheme_1":"option-2","margin_top":10,"hide_mobile":false,"hide_desktop":false,"hide_quick_view":false}},"description":{"type":"description","settings":{"column":"left","margin_top":0,"hide_quick_view":false}},"collapsible_tab_1":{"type":"collapsible_tab","settings":{"column":"left","heading":"Shipping & Returns","heading_size":"medium","heading_tag":"h4","icon":"truck","no_padding":true,"content":"<p>Provide important information about shipping and returns here. Explain your shipping policies, including delivery times and costs. Outline your return policy, including any conditions or timeframes for returns and exchanges. Make sure your customers have all the details they need for a smooth shopping experience.<\/p>","page":"","custom_liquid":"","open_first_collapsible_row":false,"show_spacer":false,"margin_top":0,"color_scheme_1":"option-1","hide_quick_view":false}},"spacer_2":{"type":"spacer","settings":{"column":"left","margin_top":0,"hide_quick_view":false}},"collapsible_tab_2":{"type":"collapsible_tab","settings":{"column":"left","heading":"24\/7 Support","heading_size":"medium","heading_tag":"h4","icon":"headset","no_padding":true,"content":"<p>Share details about your 24\/7 support here. Let customers know that help is always available, whether it's answering questions, resolving issues, or providing assistance. Reassure them that they can reach out anytime, and provide contact methods like phone, email, or live chat for their convenience.<\/p>","page":"","custom_liquid":"","open_first_collapsible_row":false,"show_spacer":false,"margin_top":0,"color_scheme_1":"option-1","hide_quick_view":false}},"spacer_3":{"type":"spacer","settings":{"column":"left","margin_top":0,"hide_quick_view":false}},"collapsible_tab_3":{"type":"collapsible_tab","settings":{"column":"left","heading":"Main benefits","heading_size":"medium","heading_tag":"h4","icon":"smoothie","no_padding":true,"content":"<p>Use this space to outline the main benefits of your product. Highlight what makes it unique and valuable, such as key features, advantages over competitors, and how it can improve the customer's life or solve their problems. Clearly and concisely showcase why this product is a great choice.<\/p>","page":"","custom_liquid":"","open_first_collapsible_row":false,"show_spacer":false,"margin_top":0,"color_scheme_1":"option-1","hide_quick_view":false}},"buy_buttons":{"type":"buy_buttons","settings":{"column":"left","show_dynamic_checkout":true,"show_gift_card_recipient":true,"picker_type":"dropdown","swatch_shape":"none","margin_top":10,"hide_unavailable":false,"hide_mobile":false,"hide_desktop":false,"hide_quick_view":false}},"share":{"type":"share","settings":{"column":"left","share_label":"Share","margin_top":10,"hide_quick_view":true}},"collapsible_tab_4":{"type":"collapsible_tab","settings":{"column":"under-gallery","heading":"About the product","heading_size":"large","heading_tag":"h4","icon":"none","no_padding":false,"content":"<p>Use this space to provide detailed information about your product. Highlight its key features, benefits, and any unique qualities that set it apart. You can share tips on how to use the product, offer care instructions, or even tell a story about its creation to engage customers and help them make informed purchasing decisions.<\/p>","page":"","custom_liquid":"","open_first_collapsible_row":true,"show_spacer":false,"margin_top":10,"color_scheme_1":"option-2","hide_quick_view":false}},"text_2":{"type":"text","settings":{"column":"under-gallery","text":"<h3>⭐ Limited time offer ⭐ - 20% Sale<\/h3><p>Use this space to promote any limited-time offers or special discounts on your product. For example: Limited Time Offer - Save 20% on this item! Create urgency by highlighting the duration of the sale and encourage customers to take advantage of the deal before it's gone.<\/p>","text_style":"body","text_block_size":"small","show_text_background":true,"margin_top":0,"color_scheme_1":"option-2","hide_quick_view":false}}},"block_order":["title","product-meta","price","spacer_1","delivery_estimator","description","collapsible_tab_1","spacer_2","collapsible_tab_2","spacer_3","collapsible_tab_3","buy_buttons","share","collapsible_tab_4","text_2"],"settings":{"enable_full_width":false,"enable_sticky_info":true,"product_gallery_width":45,"gallery_layout":"thumbnail_slider","media_position":"left","media_fit":"contain","thumbnail_size":"large","image_zoom":"lightbox","hide_variants":false,"enable_video_looping":false,"quantity_selector":4,"color_scheme":"option-1","in_stock_background_color":"#adae7f","in_stock_color":"#fdf6ea","under_gallery":"second","mobile_thumbnails":"hide","padding_top":36,"padding_bottom":36,"ignore_spacing":false}},"image_gallery_1":{"type":"image-gallery","blocks":{"text_1":{"type":"text","settings":{"image":""}},"text_2":{"type":"text","settings":{"image":""}},"text_3":{"type":"text","settings":{"image":""}},"text_4":{"type":"text","settings":{"image":""}},"text_5":{"type":"text","settings":{"image":""}}},"block_order":["text_1","text_2","text_3","text_4","text_5"],"settings":{"caption":"","text_style":"caption-with-letter-spacing","text_size":"medium","title":"","heading_size":"medium","heading_style":"default","heading_tag":"h2","scroll_direction":"ltc","scroll_speed":70,"scroll_height":255,"hover_stop":true,"color_scheme":"","padding_top":0,"padding_bottom":36,"ignore_spacing":true,"scroll_height_mobile":350,"margin_spacing":"negative","margin_top":0}},"separator_1":{"type":"separator","settings":{"separator_style":"wave-2","spacer_color":"#fdf6ea","margin_top_desktop":36,"margin_bottom_desktop":36,"ignore_spacing":true,"margin_spacing":"negative","margin_top":0}},"related-products":{"type":"related-products","settings":{"caption":"","text_style":"caption-with-letter-spacing","text_size":"medium","heading":"Related Products","heading_size":"medium","heading_style":"default","heading_tag":"h2","products_to_show":7,"columns_desktop":5,"enable_desktop_slider":true,"image_ratio":"square","show_secondary_image":true,"show_vendor":false,"show_rating":true,"color_scheme":"option-2","padding_top":36,"padding_bottom":36,"ignore_spacing":true,"margin_spacing":"negative","margin_top":0,"columns_mobile":"1","swipe_on_mobile":true,"disable_arrow_mobile":true}},"image_with_text":{"type":"image-with-text","blocks":{"caption":{"type":"caption","settings":{"caption":"Brand new","text_style":"caption-with-letter-spacing","text_size":"medium"}},"heading":{"type":"heading","settings":{"heading":"Create a Playful and Stylish Space","heading_size":"large","heading_style":"default","heading_tag":"h2"}},"text":{"type":"text","settings":{"text":"<p>We’re thrilled to introduce our latest collection designed with your little ones in mind. From charming toys that spark creativity to stylish and functional furniture, each piece in this collection is carefully crafted to bring joy, comfort, and style to your child’s space.<\/p>","text_style":"body"}},"button":{"type":"button","settings":{"button_label":"Explore Now","button_link":"","button_style_secondary":false}}},"block_order":["caption","heading","text","button"],"settings":{"image":"","caption":"New Collection","desktop_image_width":"medium","layout":"image_first","desktop_content_position":"middle","desktop_content_alignment":"left","full_width":true,"color_scheme":"option-1","padding_top":0,"padding_bottom":0,"ignore_spacing":false,"margin_spacing":"negative","margin_top":0,"mobile_content_alignment":"left"}},"separator_2":{"type":"separator","settings":{"separator_style":"wave-2","spacer_color":"#FDF6EA","margin_top_desktop":36,"margin_bottom_desktop":36,"ignore_spacing":false,"margin_spacing":"negative","margin_top":0}},"promotion_cards":{"type":"promotion-cards","blocks":{"column_1":{"type":"column","settings":{"image":"","caption":"20% sale","title":"Kids' Furniture","link_label":"","link":""}},"column_2":{"type":"column","settings":{"image":"","caption":"Brand New","title":"Latest Collection","link_label":"","link":""}},"column_3":{"type":"column","settings":{"image":"","caption":"15% sale","title":"Plush Toys","link_label":"","link":""}},"column_4":{"type":"column","settings":{"image":"","caption":"New","title":"Organic & Playful","link_label":"","link":""}}},"block_order":["column_1","column_2","column_3","column_4"],"settings":{"title":"Take advantage of our exclusive promotions!","heading_size":"medium","heading_style":"default","heading_tag":"h2","caption":"Exciting Offers Just for You!","text_style":"caption-with-letter-spacing","text_size":"medium","promotion_cards_style":"promotion-cards-two","columns_desktop":3,"enable_desktop_slider":true,"color_scheme":"option-2","color_scheme_1":"option-1","padding_top":36,"padding_bottom":76,"ignore_spacing":true,"margin_spacing":"negative","margin_top":0,"swipe_on_mobile":true,"disable_arrow_mobile":true}},"image_gallery_2":{"type":"image-gallery","blocks":{"text_1":{"type":"text","settings":{"image":""}},"text_2":{"type":"text","settings":{"image":""}},"text_3":{"type":"text","settings":{"image":""}},"text_4":{"type":"text","settings":{"image":""}},"text_5":{"type":"text","settings":{"image":""}}},"block_order":["text_1","text_2","text_3","text_4","text_5"],"settings":{"caption":"","text_style":"caption-with-letter-spacing","text_size":"medium","title":"","heading_size":"medium","heading_style":"default","heading_tag":"h2","scroll_direction":"rtl","scroll_speed":70,"scroll_height":255,"hover_stop":true,"color_scheme":"","padding_top":36,"padding_bottom":36,"ignore_spacing":true,"scroll_height_mobile":260,"margin_spacing":"negative","margin_top":0}}},"order":["main","image_gallery_1","separator_1","related-products","image_with_text","separator_2","promotion_cards","image_gallery_2"]}