{
  "sections": {
    "main": {
      "type": "main-product",
      "blocks": {
        "text": {
          "type": "text",
          "disabled": true,
          "settings": {
            "column": "left",
            "text": "<p>List essential product characteristics here</p>",
            "text_style": "body",
            "text_block_size": "small",
            "show_text_background": true,
            "margin_top": 0,
            "color_scheme_1": "option-1",
            "hide_quick_view": false
          }
        },
        "title": {
          "type": "title",
          "settings": {
            "column": "left",
            "heading_size": "large",
            "margin_top": 0,
            "hide_quick_view": false
          }
        },
        "price": {
          "type": "price",
          "settings": {
            "column": "left",
            "price_size": "small",
            "margin_top": 0,
            "hide_quick_view": false
          }
        },
        "spacer": {
          "type": "spacer",
          "settings": {
            "column": "left",
            "margin_top": 0,
            "hide_quick_view": false
          }
        },
        "inventory": {
          "type": "inventory",
          "settings": {
            "column": "left",
            "inventory_threshold": 10,
            "show_inventory_quantity": true,
            "margin_top": 0,
            "hide_quick_view": false
          }
        },
        "description": {
          "type": "description",
          "settings": {
            "column": "left",
            "margin_top": 0,
            "hide_quick_view": false
          }
        },
        "complementary": {
          "type": "complementary",
          "settings": {
            "column": "left",
            "block_heading": "Goes well with",
            "product_list_limit": 10,
            "image_ratio": "square",
            "enable_quick_add": false,
            "columns": "one",
            "disable_arrow_mobile": true,
            "color_scheme_1": "option-1",
            "margin_top": 0,
            "hide_quick_view": false
          }
        },
        "delivery_estimator": {
          "type": "delivery_estimator",
          "settings": {
            "column": "right",
            "delivery_estimator_text": "Delivery between",
            "earliest_delivery": "2",
            "latest_delivery": "4",
            "color_scheme_1": "option-1",
            "margin_top": 0,
            "hide_mobile": false,
            "hide_desktop": false,
            "hide_quick_view": false
          }
        },
        "collapsible_tab_1": {
          "type": "collapsible_tab",
          "settings": {
            "column": "right",
            "heading": "Shipping & Returns",
            "heading_size": "medium",
            "heading_tag": "h4",
            "icon": "truck",
            "no_padding": false,
            "content": "<p>If you’re looking to return or exchange your order for whatever reason, we're here to help! We offer <strong>free returns</strong> within <strong>30 days </strong>of purchase. You can return your product for<strong> store credit</strong>, <strong>a different product</strong>, or a <strong>refund </strong>to the original payment method.</p>",
            "page": "",
            "custom_liquid": "",
            "open_first_collapsible_row": false,
            "show_spacer": false,
            "margin_top": 0,
            "color_scheme_1": "option-4",
            "hide_quick_view": false
          }
        },
        "collapsible_tab_2": {
          "type": "collapsible_tab",
          "settings": {
            "column": "right",
            "heading": "24/7 Support",
            "heading_size": "medium",
            "heading_tag": "h4",
            "icon": "headset",
            "no_padding": false,
            "content": "<p>You can reach out to us through our [contact channels, e.g., email form, contact page] with any feedback or questions you may have. We'll respond as soon as possible during our regular business hours.</p>",
            "page": "",
            "custom_liquid": "",
            "open_first_collapsible_row": false,
            "show_spacer": false,
            "margin_top": 0,
            "color_scheme_1": "option-4",
            "hide_quick_view": false
          }
        },
        "collapsible_tab_3": {
          "type": "collapsible_tab",
          "settings": {
            "column": "right",
            "heading": "Main Benefits",
            "heading_size": "medium",
            "heading_tag": "h4",
            "icon": "headset",
            "no_padding": false,
            "content": "<p>Discover the key advantages that set our products apart — from premium quality materials and thoughtful design to everyday functionality and long-lasting durability. Whether you're organizing your day or sparking creativity, our stationery is made to support and inspire you.</p>",
            "page": "",
            "custom_liquid": "",
            "open_first_collapsible_row": false,
            "show_spacer": false,
            "margin_top": 0,
            "color_scheme_1": "option-4",
            "hide_quick_view": false
          }
        },
        "text_1": {
          "type": "text",
          "settings": {
            "column": "right",
            "text": "<h3>⭐ Limited time offer ⭐ - 20% Sale</h3><p>Use this space to promote any limited-time offers or special discounts on your product. For example: Limited Time Offer - Save 20% on this item! Create urgency by highlighting the duration of the sale and encourage customers to take advantage of the deal before it's gone.</p><p></p>",
            "text_style": "body",
            "text_block_size": "small",
            "show_text_background": false,
            "margin_top": 10,
            "color_scheme_1": "option-2",
            "hide_quick_view": false
          }
        },
        "payment_enable": {
          "type": "payment_enable",
          "disabled": true,
          "settings": {
            "column": "right",
            "margin_top": 0,
            "hide_mobile": false,
            "hide_desktop": false,
            "hide_quick_view": false
          }
        },
        "share": {
          "type": "share",
          "settings": {
            "column": "right",
            "share_label": "Share",
            "margin_top": 0,
            "hide_quick_view": true
          }
        }
      },
      "block_order": [
        "text",
        "title",
        "price",
        "spacer",
        "inventory",
        "description",
        "complementary",
        "delivery_estimator",
        "collapsible_tab_1",
        "collapsible_tab_2",
        "collapsible_tab_3",
        "text_1",
        "payment_enable",
        "share"
      ],
      "settings": {
        "enable_full_width": false,
        "enable_sticky_info": true,
        "product_gallery_width": 30,
        "gallery_layout": "columns",
        "media_position": "left",
        "media_fit": "contain",
        "thumbnail_size": "large",
        "image_zoom": "lightbox",
        "hide_variants": false,
        "enable_video_looping": false,
        "quantity_selector": 4,
        "color_scheme": "option-2",
        "in_stock_background_color": "#ffa680",
        "in_stock_color": "#1d1d1d",
        "under_gallery": "second",
        "mobile_thumbnails": "hide",
        "padding_top": 36,
        "padding_bottom": 36,
        "ignore_spacing": false
      }
    },
    "quick_order_list": {
      "type": "quick-order-list",
      "settings": {
        "show_image": true,
        "show_sku": false,
        "color_scheme": "option-1",
        "color_scheme_1": "",
        "padding_top": 36,
        "padding_bottom": 24
      }
    },
    "separator": {
      "type": "separator",
      "settings": {
        "separator_style": "wave-2",
        "spacer_color": "#fdf6ea",
        "margin_top_desktop": 36,
        "margin_bottom_desktop": 36,
        "ignore_spacing": true,
        "margin_spacing": "positive",
        "margin_top": 64
      }
    },
    "related-products": {
      "type": "related-products",
      "settings": {
        "caption": "",
        "text_style": "caption-with-letter-spacing",
        "text_size": "medium",
        "heading": "Related Products",
        "heading_size": "medium",
        "heading_style": "default",
        "heading_tag": "h2",
        "products_to_show": 7,
        "columns_desktop": 5,
        "enable_desktop_slider": true,
        "image_ratio": "square",
        "show_secondary_image": true,
        "show_vendor": false,
        "show_rating": true,
        "color_scheme": "option-2",
        "padding_top": 36,
        "padding_bottom": 36,
        "ignore_spacing": true,
        "margin_spacing": "positive",
        "margin_top": 60,
        "columns_mobile": "1",
        "swipe_on_mobile": true,
        "disable_arrow_mobile": true
      }
    },
    "quick_info_bar": {
      "type": "quick-info-bar",
      "settings": {
        "image-1": "",
        "heading-1": "Free Shipping",
        "caption-1": "For orders over $110",
        "image-2": "",
        "heading-2": "Money Guarantee",
        "caption-2": "Within 30 days for an exchange.",
        "image-3": "",
        "heading-3": "Online Support",
        "caption-3": "24 hours a day, 7 days a week",
        "image-4": "",
        "heading-4": "Flexible Payment",
        "caption-4": "Pay with Multiple Credit Cards",
        "image_size": "small",
        "add_border": false,
        "full_width_background": false,
        "color_scheme": "",
        "color_scheme_1": "",
        "padding_top": 36,
        "padding_bottom": 36,
        "ignore_spacing": true,
        "margin_spacing": "negative",
        "margin_top": 0
      }
    }
  },
  "order": [
    "main",
    "quick_order_list",
    "separator",
    "related-products",
    "quick_info_bar"
  ]
}
