{"sections":{"purchase_ticker_7UbpWY":{"type":"purchase-ticker","disabled":true,"name":"Purchase Ticker","settings":{"show_icon":true,"show_verified_badge":true,"verified_text":"Verwerkt","update_interval":10,"background_color":"#fdf6ea","background_color_end":"#fdf6ea","icon_color":"#4a3c35","text_color":"#2b2b2b","customer_color":"#1a1a1a","action_color":"#4a4a4a","product_color":"#4a3c35","product_hover_color":"#4a3c35","time_color":"#888888"}},"main":{"type":"main-product","blocks":{"text":{"type":"text","settings":{"column":"left","text":"<p>Knuffelzacht. Ademend. Babyproof<\/p>","text_style":"body","text_block_size":"small","show_text_background":true,"margin_top":0,"color_scheme_1":"option-4","hide_quick_view":false}},"amose_bundle_review_summary_AXYeDn":{"type":"shopify:\/\/apps\/amose-bundle\/blocks\/review_summary\/50476a12-3ce4-457e-ba71-230751f626b6","settings":{"review_text":"4.8 | 1,622 Geverifieerde reviews","star_count":5,"star_size_desktop":24,"star_size_mobile":20,"star_fill_color":"#ffffff","star_shadow_color":"#00b67a","star_background_color":"#00b67a","text_size_desktop":16,"text_size_mobile":14,"font_weight":400,"text_color":"#333333","gap":12,"margin_top":5,"margin_bottom":-5}},"title":{"type":"title","settings":{"column":"left","heading_size":"medium","margin_top":0,"hide_quick_view":false}},"price":{"type":"price","settings":{"column":"left","price_size":"medium","margin_top":0,"hide_quick_view":false}},"spacer":{"type":"spacer","settings":{"column":"left","margin_top":0,"hide_quick_view":false}},"amose_bundle_stock_info_dJaAxn":{"type":"shopify:\/\/apps\/amose-bundle\/blocks\/stock_info\/50476a12-3ce4-457e-ba71-230751f626b6","settings":{"stock_text":"Op voorraad","font_size_desktop":1,"font_size_mobile":0.9,"font_weight":600,"dot_color":"#00b67a","text_color":"#4a3c35","margin_top":0,"margin_bottom":-5}},"kiwi_size_chart_recommender_kiwi_sizing_n4NjQz":{"type":"shopify:\/\/apps\/kiwi-size-chart-recommender\/blocks\/kiwiSizing\/b7369922-bf15-44ce-a121-a22a8fcbc4b0","settings":{"product":"{{product}}","waitForElementSelector":"","waitForElementDelay":1}},"custom_liquid_r379tp":{"type":"custom_liquid","disabled":true,"settings":{"column":"left","custom_liquid":"<div class=\"product-usp-section\" style=\"background-color: #FDF6EA; padding: 1px 1px; margin: 1px 0; border-radius: 8px;\">\n  <div class=\"usp-container\" style=\"max-width: 600px; margin: 0 auto;\">\n    \n    <!-- USP 1: Gratis verzending -->\n    <div class=\"usp-item\" style=\"display: flex; align-items: flex-start; margin-bottom: 20px; opacity: 0; animation: fadeInUp 0.6s ease forwards;\">\n      <div class=\"usp-icon\" style=\"margin-right: 15px; color: #00B67A; font-size: 24px; transition: transform 0.3s ease;\">\n        <svg width=\"24\" height=\"24\" viewBox=\"0 0 24 24\" fill=\"none\" stroke=\"currentColor\" stroke-width=\"2\">\n          <path d=\"M20 7h-3V4a2 2 0 0 0-2-2H9a2 2 0 0 0-2 2v3H4a2 2 0 0 0-2 2v11a2 2 0 0 0 2 2h16a2 2 0 0 0 2-2V9a2 2 0 0 0-2-2z\"><\/path>\n        <\/svg>\n      <\/div>\n      <div class=\"usp-content\">\n        <h3 style=\"margin: 0 0 5px 0; font-size: 16px; font-weight: 600; color: #4A3C35;\">Gratis verzending<\/h3>\n        <p style=\"margin: 0; font-size: 14px; color: #4A3C35; line-height: 1.5; opacity: 0.8;\">Op alle bestellingen in Nederland en België<\/p>\n      <\/div>\n    <\/div>\n\n    <!-- USP 2: Zacht en babyproof -->\n    <div class=\"usp-item\" style=\"display: flex; align-items: flex-start; margin-bottom: 20px; opacity: 0; animation: fadeInUp 0.6s ease 0.15s forwards;\">\n      <div class=\"usp-icon\" style=\"margin-right: 15px; color: #00B67A; font-size: 24px; transition: transform 0.3s ease;\">\n        <svg width=\"24\" height=\"24\" viewBox=\"0 0 24 24\" fill=\"none\" stroke=\"currentColor\" stroke-width=\"2\">\n          <path d=\"M20.84 4.61a5.5 5.5 0 0 0-7.78 0L12 5.67l-1.06-1.06a5.5 5.5 0 0 0-7.78 7.78l1.06 1.06L12 21.23l7.78-7.78 1.06-1.06a5.5 5.5 0 0 0 0-7.78z\"><\/path>\n        <\/svg>\n      <\/div>\n      <div class=\"usp-content\">\n        <h3 style=\"margin: 0 0 5px 0; font-size: 16px; font-weight: 600; color: #4A3C35;\">Zacht en babyproof<\/h3>\n        <p style=\"margin: 0; font-size: 14px; color: #4A3C35; line-height: 1.5; opacity: 0.8;\">Veilige materialen voor de gevoelige babyhuid<\/p>\n      <\/div>\n    <\/div>\n\n    <!-- USP 3: Familiebedrijf -->\n    <div class=\"usp-item\" style=\"display: flex; align-items: flex-start; opacity: 0; animation: fadeInUp 0.6s ease 0.3s forwards;\">\n      <div class=\"usp-icon\" style=\"margin-right: 15px; color: #00B67A; font-size: 24px; transition: transform 0.3s ease;\">\n        <svg width=\"24\" height=\"24\" viewBox=\"0 0 24 24\" fill=\"none\" stroke=\"currentColor\" stroke-width=\"2\">\n          <path d=\"M17 21v-2a4 4 0 0 0-4-4H5a4 4 0 0 0-4 4v2\"><\/path>\n          <circle cx=\"9\" cy=\"7\" r=\"4\"><\/circle>\n          <path d=\"M23 21v-2a4 4 0 0 0-3-3.87\"><\/path>\n          <path d=\"M16 3.13a4 4 0 0 1 0 7.75\"><\/path>\n        <\/svg>\n      <\/div>\n      <div class=\"usp-content\">\n        <h3 style=\"margin: 0 0 5px 0; font-size: 16px; font-weight: 600; color: #4A3C35;\">Nederlands familiebedrijf<\/h3>\n        <p style=\"margin: 0; font-size: 14px; color: #4A3C35; line-height: 1.5; opacity: 0.8;\">Met liefde en zorg sinds 2016<\/p>\n      <\/div>\n    <\/div>\n\n  <\/div>\n<\/div>\n\n<style>\n  \/* Fade in from bottom animatie *\/\n  @keyframes fadeInUp {\n    from { opacity: 0; transform: translateY(20px); }\n    to   { opacity: 1; transform: translateY(0); }\n  }\n\n  \/* Subtiele hover animatie op iconen *\/\n  .usp-item:hover .usp-icon { transform: scale(1.1); }\n\n  \/* Subtiele hover op hele item *\/\n  .usp-item { transition: transform 0.2s ease; }\n  .usp-item:hover { transform: translateX(3px); }\n\n  @media (max-width: 768px) {\n    .product-usp-section { padding: 1px 1px !important; }\n    .usp-item { margin-bottom: 15px !important; }\n    \/* Minder beweging op mobiel *\/\n    .usp-item:hover { transform: translateX(2px); }\n  }\n\n  \/* Accessibility: verminder animaties voor gebruikers die dit prefereren *\/\n  @media (prefers-reduced-motion: reduce) {\n    .usp-item { animation: none !important; opacity: 1 !important; }\n  }\n<\/style>\n\n<script>\n\/*\n * Verplaats USP boven het HELE buy-buttons segment op mobiel,\n * zonder desktop te beïnvloeden.\n *\/\ndocument.addEventListener('DOMContentLoaded', function () {\n  if (!window.matchMedia('(max-width: 768px)').matches) return;\n\n  const usp = document.querySelector('.product-usp-section');\n  if (!usp) return;\n\n  \/\/ 1) Primair: pak de volledige buy-buttons block\/wrapper\n  let buyBlock =\n    document.querySelector('.buy-buttons-block') ||                           \/\/ jouw block class\n    document.querySelector('.section.buy_buttons_margin') ||                  \/\/ alternatieve wrapper\n    document.querySelector('[id^=\"section-buy_buttons\"]') ||                  \/\/ id-variant\n    document.querySelector('[data-block-type*=\"buy_buttons\"]');               \/\/ editor meta\n\n  \/\/ 2) Fallback: start bij knoppen en klim omhoog naar block\n  if (!buyBlock) {\n    const btns =\n      document.querySelector('.product-form__buttons') ||\n      document.querySelector('.product__payment-container') ||\n      document.querySelector('form[action*=\"\/cart\"] .product-form__buttons');\n    if (btns) {\n      buyBlock =\n        btns.closest('.buy-buttons-block') ||\n        btns.closest('.section.buy_buttons_margin') ||\n        btns.closest('[id^=\"section-buy_buttons\"]') ||\n        btns.closest('[data-block-type*=\"buy_buttons\"]') ||\n        btns.parentNode; \/\/ uiterste fallback\n    }\n  }\n\n  \/\/ 3) Insert vóór de volledige buy-buttons sectie\n  if (buyBlock && buyBlock.parentNode) {\n    buyBlock.parentNode.insertBefore(usp, buyBlock);\n    usp.style.marginBottom = '12px';\n  }\n});\n<\/script>","hide_quick_view":false}},"buy_buttons":{"type":"buy_buttons","settings":{"column":"right","show_dynamic_checkout":false,"show_gift_card_recipient":false,"picker_type":"dropdown","swatch_shape":"none","margin_top":10,"margin_bottom":0,"hide_unavailable":false,"hide_quantity_input":true,"hide_mobile":false,"hide_desktop":false,"hide_quick_view":false}},"amose_bundle_review_summary_a6c3eY":{"type":"shopify:\/\/apps\/amose-bundle\/blocks\/review_summary\/50476a12-3ce4-457e-ba71-230751f626b6","settings":{"review_text":"4.8 | 1,622 Geverifieerde reviews","star_count":5,"star_size_desktop":24,"star_size_mobile":20,"star_fill_color":"#ffffff","star_shadow_color":"#00b67a","star_background_color":"#00b67a","text_size_desktop":16,"text_size_mobile":14,"font_weight":400,"text_color":"#333333","gap":12,"margin_top":-15,"margin_bottom":-30}},"custom_liquid_xHUJk3":{"type":"custom_liquid","settings":{"column":"left","custom_liquid":"<div id='ss-product-reviews-2'><\/div>","hide_quick_view":false}}},"block_order":["text","amose_bundle_review_summary_AXYeDn","title","price","spacer","amose_bundle_stock_info_dJaAxn","kiwi_size_chart_recommender_kiwi_sizing_n4NjQz","custom_liquid_r379tp","buy_buttons","amose_bundle_review_summary_a6c3eY","custom_liquid_xHUJk3"],"settings":{"enable_full_width":false,"enable_sticky_info":true,"product_gallery_width":50,"gallery_layout":"thumbnail_right","media_position":"left","media_fit":"contain","thumbnail_size":"large","image_zoom":"lightbox","hide_variants":false,"enable_video_looping":false,"quantity_selector":4,"color_scheme":"option-2","in_stock_background_color":"#ffa680","in_stock_color":"#1d1d1d","under_gallery":"second","mobile_thumbnails":"hide","padding_top":0,"padding_bottom":0,"ignore_spacing":false}},"related-products":{"type":"related-products","settings":{"caption":"","text_style":"caption-with-letter-spacing","text_size":"small","heading":"De favoriete keuzes van mama’s en papa's","heading_size":"medium","heading_style":"default","heading_tag":"h2","products_to_show":7,"columns_desktop":5,"enable_desktop_slider":true,"image_ratio":"square","show_secondary_image":true,"show_vendor":false,"show_rating":true,"color_scheme":"option-2","padding_top":36,"padding_bottom":36,"ignore_spacing":true,"margin_spacing":"negative","margin_top":0,"columns_mobile":"1","swipe_on_mobile":true,"disable_arrow_mobile":true}},"image_banner":{"type":"image-banner","blocks":{"heading":{"type":"heading","settings":{"heading":"<p>Meer shoppen meer besparen<\/p>","heading_size":"large","heading_style":"default","heading_tag":"h2","highlight_option":"underline","word_animation_color":"#adae7f"}},"text":{"type":"text","settings":{"text":"<h3>Geniet van 10% extra voordeel op je gehele bestelling vanaf 3 artikelen<\/h3>","text_style":"body"}}},"block_order":["heading","text"],"settings":{"image":"shopify:\/\/shop_images\/Untitled_design_-_2025-09-20T040645.372_0b1fbfcc-b503-4d59-96d5-0690d1384a08.png","image_overlay_opacity":30,"image_border_radius":20,"image_height":"adapt","desktop_content_position":"middle-center","show_text_box":false,"desktop_content_alignment":"center","ignore_spacing":true,"color_scheme_1":"option-3","margin_spacing":"negative","margin_top":0,"mobile_content_alignment":"center","show_text_below":false}},"collapsible-content":{"type":"collapsible-content","blocks":{"collapsible_row-0":{"type":"collapsible_row","settings":{"heading":"Hoe plaats ik een bestelling?","icon":"question_mark","row_content":"<p>Een bestelling plaatsen is snel en eenvoudig. Blader door onze online shop, selecteer de producten die je wilt en voeg ze toe aan je winkelmandje. Ga vervolgens naar de kassa, waar je je verzend- en betaalgegevens invult. Zodra je bestelling is bevestigd, zorgen wij voor de rest.<\/p>","page":""}},"collapsible_row-1":{"type":"collapsible_row","settings":{"heading":"Welke betaalmethoden accepteren jullie?","icon":"question_mark","row_content":"<p>Wij accepteren iDEAL, Bancontact en alle gangbare creditcards (Visa, Mastercard, American Express). Je kunt erop vertrouwen dat je betaalgegevens beschermd en versleuteld zijn voor een veilige transactie.<\/p>","page":""}},"collapsible_row-3":{"type":"collapsible_row","settings":{"heading":"Kan ik mijn bestelling volgen?","icon":"question_mark","row_content":"<p>Ja, zeker! Na het plaatsen van je bestelling ontvang je een ordernummer via e-mail. Met dit nummer kun je in het Volg Mijn Bestelling-segment op onze website, samen met het e-mailadres dat je bij de bestelling hebt gebruikt, eenvoudig de status van je bestelling bekijken.<\/p>","page":""}},"collapsible_row-4":{"type":"collapsible_row","settings":{"heading":"Hulp nodig met je bestelling?","icon":"question_mark","row_content":"<p>Wij staan voor je klaar! Heb je vragen of heb je hulp nodig bij je bestelling? Ons toegewijde klantenserviceteam helpt je graag verder. Je kunt ons bereiken via het contactformulier of per e-mail. We streven ernaar om snel en duidelijk te reageren, zodat jouw shopervaring zo soepel mogelijk verloopt.<\/p>","page":""}}},"block_order":["collapsible_row-0","collapsible_row-1","collapsible_row-3","collapsible_row-4"],"settings":{"caption":"FAQ","text_style":"caption-with-letter-spacing","text_size":"medium","heading":"Alles over uw bestelling","heading_size":"medium","heading_style":"default","heading_tag":"h2","heading_alignment":"center","open_first_collapsible_row":false,"open_all_collapsible_row":false,"color_scheme":"option-1","color_scheme_1":"option-2","padding_top":36,"padding_bottom":8,"ignore_spacing":true,"margin_spacing":"negative","margin_top":0}},"sticky_add_to_cart":{"type":"sticky-add-to-cart","settings":{"enable_section":false,"hide_desktop":false,"hide_mobile":false,"heading_size":"medium","heading_tag":"h3","hide_img":false,"hide_quantity_input":false,"hide_select_variant":false,"btn_style":"primary","color_scheme":"","padding_top":8,"padding_bottom":8}},"image_gallery_D7hWGk":{"type":"image-gallery","blocks":{"text_CABAcb":{"type":"text","settings":{"image":"shopify:\/\/shop_images\/Untitled_design_-_2025-09-20T040417.947.png"}},"text_WVVQ4z":{"type":"text","settings":{"image":"shopify:\/\/shop_images\/Untitled_design_-_2025-09-20T040501.964.png"}},"text_6bUbPh":{"type":"text","settings":{"image":"shopify:\/\/shop_images\/Untitled_design_-_2025-09-20T040553.048.png"}},"text_9tTURg":{"type":"text","settings":{"image":"shopify:\/\/shop_images\/Untitled_design_-_2025-09-20T040645.372.png"}},"text_TWWrYj":{"type":"text","settings":{"image":"shopify:\/\/shop_images\/Untitled_design_-_2025-09-20T040735.587.png"}},"text_eCrTC8":{"type":"text","settings":{"image":"shopify:\/\/shop_images\/Untitled_design_-_2025-09-20T040824.726.png"}},"text_JXk4ij":{"type":"text","settings":{"image":"shopify:\/\/shop_images\/Untitled_design_-_2025-09-20T040912.206.png"}},"text_q6p3Td":{"type":"text","settings":{"image":"shopify:\/\/shop_images\/Untitled_design_-_2025-09-20T040958.858.png"}}},"block_order":["text_CABAcb","text_WVVQ4z","text_6bUbPh","text_9tTURg","text_TWWrYj","text_eCrTC8","text_JXk4ij","text_q6p3Td"],"name":"t:sections.image-gallery.presets.name","settings":{"caption":"","text_style":"caption-with-letter-spacing","text_size":"medium","title":"","heading_size":"medium","heading_style":"default","heading_tag":"h2","scroll_direction":"ltc","scroll_speed":55,"scroll_height":305,"hover_stop":true,"color_scheme":"","padding_top":12,"padding_bottom":0,"ignore_spacing":false,"scroll_height_mobile":315,"margin_spacing":"negative","margin_top":28}},"17593450206f842d24":{"type":"apps","blocks":{"kiwi_size_chart_recommender_kiwi_sizing_C8GCzJ":{"type":"shopify:\/\/apps\/kiwi-size-chart-recommender\/blocks\/kiwiSizing\/b7369922-bf15-44ce-a121-a22a8fcbc4b0","settings":{"product":"{{product}}","waitForElementSelector":"","waitForElementDelay":1}}},"block_order":["kiwi_size_chart_recommender_kiwi_sizing_C8GCzJ"],"disabled":true,"settings":{"include_margins":true,"padding_top":96,"padding_bottom":96}},"product_reviews_2_RX4r8b":{"type":"product-reviews-2","blocks":{"item_MHLfx8":{"type":"item","settings":{"stars_count":5,"verified_text":"Geverifieerd","title":"Goede kwaliteit","text":"<p>Rompertjes gekocht, heel erg leuk. Komt overeen met foto’s. Goede kwaliteit.<\/p>","author":"J. Ooyen","time":"10-09-2025"}},"item_qYyBir":{"type":"item","settings":{"stars_count":5,"verified_text":"Geverifieerd","title":"Super blij","text":"<p>Jasje gekocht voor baby nichtje. M’n zus was super blij mee, past gelijk.<\/p>","author":"Loesje","time":"03-10-2025"}},"item_BMg8t7":{"type":"item","settings":{"stars_count":5,"verified_text":"Geverifieerd","title":"Snel geleverd","text":"<p>Onesie werd best snel geleverd. Super mooie stof, lekker warm. Staat super lief!<\/p>","author":"H. de Kwant","time":"20-09-2025"}},"item_33xELA":{"type":"item","settings":{"stars_count":5,"verified_text":"Geverifieerd","title":"Echt te leuk","text":"<p>Jongens setje gekocht (teddybeer set). Echt te leuk. Heel blij mee.<br\/><\/p>","author":"L.  Chau","time":"27-09-2025"}},"item_D6L6TG":{"type":"item","settings":{"stars_count":5,"verified_text":"Geverifieerd","title":"Superschattig jasje","text":"<p>Superschattig jasje gekocht voor m’n baby van 3 maanden (bambino`s schattige gewatteerde jas). Hij is ook heel erg leuk. Aanrader!<\/p>","author":"L. de Boer","time":"29-09-2025"}},"item_7MpgPr":{"type":"item","settings":{"stars_count":5,"verified_text":"Geverifieerd","title":"Super lief!","text":"<p>Oilifant romper en muts, super lief! Maat goed en staat echt leuk.<\/p>","author":"Loesje","time":"02-09-2025"}},"item_DrmdRG":{"type":"item","settings":{"stars_count":5,"verified_text":"Geverifieerd","title":"Kwaliteit goed","text":"<p>Strikjes rompers gekocht. Kwaliteit goed, helemaal happy mee.<\/p>","author":"H. de Kwant","time":"30-08-2025"}},"item_EpGQdi":{"type":"item","settings":{"stars_count":5,"verified_text":"Geverifieerd","title":"Schattige jurkjes","text":"<p>Schattige jurkjes, zien er heel leuk uit. Toppie!<\/p>","author":"D. de Bruijn","time":"08-09-2025"}},"item_LxMw4t":{"type":"item","settings":{"stars_count":5,"verified_text":"Geverifieerd","title":"Maat prima!","text":"<p>Romper en strik set helemaal leuk. 2 kleuren gekocht, maat prima!<\/p>","author":"R. van Dam","time":"16-09-2025"}},"item_i7fN93":{"type":"item","settings":{"stars_count":5,"verified_text":"Geverifieerd","title":"Teddybeer set","text":"<p>Teddybeer set gekocht. M’n vrouw is er blij mee.<\/p>","author":"G. Holland","time":"05-09-2025"}},"item_j4QH3d":{"type":"item","settings":{"stars_count":5,"verified_text":"Geverifieerd","title":"Goede levering","text":"<p>Goede levering en kwaliteit prima.<\/p>","author":"Y. Rek","time":"25-09-2025"}},"item_3VmfFX":{"type":"item","settings":{"stars_count":5,"verified_text":"Geverifieerd","title":"Meidenjasjes te leuk","text":"<p>Meidenjasjes te leuk. Heb er nu 2 gekregen, maat prima, kwaliteit top. Lekker warm ook. Blij mee!<\/p>","author":"T. de Mooy","time":"13-09-2025"}},"item_hMptPV":{"type":"item","settings":{"stars_count":5,"verified_text":"Geverifieerd","title":"Prima kwaliteit","text":"<p>Slabbetjes en rompers prima kwaliteit. Strikje bij rompers heel leuk.<\/p>","author":"W. Roog","time":"29-08-2025"}},"item_QnDPXt":{"type":"item","settings":{"stars_count":5,"verified_text":"Geverifieerd","title":"Vintage romper heel leuk","text":"<p>Vintage romper heel leuk. Maat prima.<\/p>","author":"G. Verstraete","time":"01-10-2025"}},"item_qAGWPH":{"type":"item","settings":{"stars_count":5,"verified_text":"Geverifieerd","title":"Bambino's laarsjes","text":"<p>Bambino's laarsjes heel top. Maat 0-6 maanden prima. <\/p>","author":"P. Rigga","time":"21-09-2025"}},"item_RFx6yd":{"type":"item","settings":{"stars_count":5,"verified_text":"Geverifieerd","title":"Teddybeer set","text":"<p>Teddybeer set liefffff<\/p>","author":"R. Leer","time":"07-09-2025"}},"item_4HzYNc":{"type":"item","settings":{"stars_count":5,"verified_text":"Geverifieerd","title":"Super leuk!","text":"<p>Laarsjes roze super leuk!<\/p>","author":"V. Kalman","time":"23-09-2025"}},"item_jWAbwL":{"type":"item","settings":{"stars_count":5,"verified_text":"Geverifieerd","title":"Heel blij mee","text":"<p>Gewatteerde jas beige, heel blij mee. Prima maat, kwaliteit top.<\/p>","author":"T. Wilken","time":"18-09-2025"}},"item_9fjMFn":{"type":"item","settings":{"stars_count":5,"verified_text":"Geverifieerd","title":"Goede kwaliteit","text":"<p>Onesie roze heel leuk. Goede kwaliteit.<\/p>","author":"T. Niele","time":"30-09-2025"}},"item_YK6J3p":{"type":"item","settings":{"stars_count":5,"verified_text":"Geverifieerd","title":"Ben benieuwd!","text":"<p>Rompers met strikjes 2 kleuren besteld. Heel erg leuk en goede kwaliteit. Net nog 2 jasjes besteld, beige en roze. Ben benieuwd!<\/p>","author":"Julia","time":"11-09-2025"}}},"block_order":["item_MHLfx8","item_qYyBir","item_BMg8t7","item_33xELA","item_D6L6TG","item_7MpgPr","item_DrmdRG","item_EpGQdi","item_LxMw4t","item_i7fN93","item_j4QH3d","item_3VmfFX","item_hMptPV","item_QnDPXt","item_qAGWPH","item_RFx6yd","item_4HzYNc","item_jWAbwL","item_9fjMFn","item_YK6J3p"],"name":"SS - Product reviews #2","settings":{"reviews_position":"below_buy","use_metafield":false,"slider_view":2,"slider_view_mobile":1.3,"slider_gap":16,"slider_gap_mobile":16,"item_padding_horizontal":20,"item_padding_horizontal_mobile":20,"item_padding_vertical":20,"item_padding_vertical_mobile":20,"item_radius":4,"item_border_thickness":0,"item_shadow":true,"stars_size":14,"stars_size_mobile":14,"use_verified_tag":true,"verified_icon_size":14,"verified_icon_size_mobile":14,"verified_custom":false,"verified_font":"josefin_sans_n4","verified_size":10,"verified_size_mobile":10,"verified_height":100,"title_custom":false,"title_font":"josefin_sans_n4","title_size":12,"title_size_mobile":12,"title_height":150,"title_mt":16,"title_mt_mobile":16,"text_custom":false,"text_font":"josefin_sans_n4","text_size":12,"text_size_mobile":12,"text_height":150,"text_mt":12,"text_mt_mobile":12,"author_custom":false,"author_font":"josefin_sans_n4","author_size":12,"author_size_mobile":12,"author_height":130,"publication_mt":12,"publication_mt_mobile":12,"time_custom":false,"time_font":"josefin_sans_n4","time_size":12,"time_size_mobile":12,"time_height":130,"arrow_size":32,"arrow_size_mobile":32,"arrow_icon_size":7,"arrow_icon_size_mobile":7,"arrow_border_thickness":0,"arrow_radius":100,"arrow_hover_effect":"color","arrow_show_desktop":true,"arrow_show_mobile":false,"bottom_text":"<p>Beoordeeld met <strong>4,8 <\/strong>\/ 5 op basis van 1,622 beoordelingen. We tonen onze 5-sterren reviews.<\/p>","bottom_text_custom":false,"bottom_text_font":"josefin_sans_n4","bottom_text_size":13,"bottom_text_size_mobile":13,"bottom_text_height":150,"bottom_text_mt":16,"bottom_text_mt_mobile":16,"bottom_text_align":"center","bottom_text_align_mobile":"center","title_color":"#1f2936","text_color":"#191919","author_color":"#636464","time_color":"#636464","item_bg_color":"#f8f9fa","item_border_color":"#e2e7ec","stars_color":"#ffffff","stars_bg_color":"#00b67a","verified_color":"#6c6c85","verified_text_color":"#6c6c85","arrow_color":"#000000","arrow_hover_color":"#7b7b7b","arrow_bg_color":"#ededed","arrow_bg_hover_color":"#f5f5f5","arrow_border_color":"#c7c7c7","arrow_border_hover_color":"#c7c7c7","bottom_text_color":"#000000","background_color":"#fdf6ea","background_gradient":"","border_color":"#000000","margin_top":0,"margin_bottom":0,"padding_top":0,"padding_bottom":0,"padding_horizontal":0,"padding_horizontal_mobile":0,"border_thickness":0,"lazy":true}}},"order":["purchase_ticker_7UbpWY","main","related-products","image_banner","collapsible-content","sticky_add_to_cart","image_gallery_D7hWGk","17593450206f842d24","product_reviews_2_RX4r8b"]}