{"sections":{"main":{"type":"main-product","blocks":{"title":{"type":"title","settings":{"column":"left","heading_size":"large","margin_top":10}},"price":{"type":"price","settings":{}},"description":{"type":"description","settings":{}},"buy_buttons":{"type":"buy_buttons","settings":{"show_dynamic_checkout":true,"show_gift_card_recipient":true,"picker_type":"button","swatch_shape":"none","margin_top":10,"hide_mobile":false,"hide_desktop":false}},"share":{"type":"share","settings":{"share_label":"Share"}}},"block_order":["title","price","description","buy_buttons","share"],"settings":{"enable_sticky_info":true,"gallery_layout":"thumbnail","media_position":"left","media_fit":"cover","thumbnail_size":"small","image_zoom":"lightbox","hide_variants":false,"enable_video_looping":false,"quantity_selector":20,"in_stock_background_color":"#3fa366","in_stock_color":"#ffffff","mobile_thumbnails":"hide","padding_top":36,"padding_bottom":36}}},"order":["main"]}