{"name":"t:sections.footer.name","type":"footer","sections":{"footer":{"type":"footer","blocks":{"link_list_FGRi4m":{"type":"link_list","settings":{"heading":"Informatie","menu":"informatie"}}},"block_order":["link_list_FGRi4m"],"settings":{"enable_follow_on_shop":false,"enable_country_selector":false,"enable_language_selector":false,"payment_enable":true,"show_powered_by_link":false,"show_policy":false,"enable_terms":false,"terms_label":"<p>I agree to receive marketing emails<\/p>","back_to_top_desktop":true,"back_to_top_bottom":80,"back_to_top_right":20,"back_to_top_mobile":true,"centered_content":true,"color_scheme":"option-1","footer_border":false,"swipe_on_mobile":true,"disable_arrow_mobile":true,"margin_top":0,"margin_bottom":0,"make_columns_even":false,"padding_top":36,"padding_bottom":36,"ignore_spacing":true}}},"order":["footer"]}