{"name":"t:sections.header.name","type":"header","sections":{"purchase_ticker_BhCejF":{"type":"purchase-ticker","disabled":true,"name":"Purchase Ticker","settings":{"show_icon":true,"show_verified_badge":true,"verified_text":"Verwerkt","update_interval":10,"background_color":"#fdf6ea","background_color_end":"#fdf6ea","icon_color":"#4a3c35","text_color":"#2b2b2b","customer_color":"#1a1a1a","action_color":"#4a4a4a","product_color":"#4a3c35","product_hover_color":"#4a3c35","time_color":"#888888"}},"header":{"type":"header","blocks":{"mega-promotion":{"type":"mega_promotion","settings":{"mega_promotion_item":"Shop","mega_promotion_caption":"20% Sale","mega_promotion_title":"","mega_promotion_link_label":"Shop Now","mega_promotion_link":""}},"mega_image_menu_1":{"type":"mega_image_menu","settings":{"mega_image_menu_item":"","mega_image_columns":3,"mega_image_menu_caption_1":"20% Sale","mega_image_menu_title_1":"Toys","mega_image_menu_link_label_1":"","mega_image_menu_link_1":"","mega_image_menu_caption_2":"New","mega_image_menu_title_2":"Fashion","mega_image_menu_link_label_2":"","mega_image_menu_link_2":"","mega_image_menu_caption_3":"15% Sale","mega_image_menu_title_3":"Accessories","mega_image_menu_link_label_3":"","mega_image_menu_link_3":"","mega_image_menu_caption_4":"25% Sale","mega_image_menu_title_4":"Furniture","mega_image_menu_link_label_4":"","mega_image_menu_link_4":"","mega_image_menu_caption_5":"20% Sale","mega_image_menu_title_5":"Title","mega_image_menu_link_label_5":"","mega_image_menu_link_5":"","mega_image_menu_caption_6":"20% Sale","mega_image_menu_title_6":"Title","mega_image_menu_link_label_6":"","mega_image_menu_link_6":"","mega_image_menu_caption_7":"20% Sale","mega_image_menu_title_7":"Title","mega_image_menu_link_label_7":"","mega_image_menu_link_7":"","mega_image_menu_caption_8":"20% Sale","mega_image_menu_title_8":"Title","mega_image_menu_link_label_8":"","mega_image_menu_link_8":""}},"mega_image_menu_2":{"type":"mega_image_menu","settings":{"mega_image_menu_item":"Furniture","mega_image_columns":3,"mega_image_menu_caption_1":"New","mega_image_menu_title_1":"Minimalist Kids Side Table","mega_image_menu_link_label_1":"","mega_image_menu_link_1":"","mega_image_menu_caption_2":"20% Sale","mega_image_menu_title_2":"","mega_image_menu_link_label_2":"","mega_image_menu_link_2":"","mega_image_menu_caption_3":"Most Popular","mega_image_menu_title_3":"Adorable Elephant Kids Chair","mega_image_menu_link_label_3":"","mega_image_menu_link_3":"","mega_image_menu_caption_4":"20% Sale","mega_image_menu_title_4":"Cozy Crocheted Kids Stool","mega_image_menu_link_label_4":"","mega_image_menu_link_4":"","mega_image_menu_caption_5":"New","mega_image_menu_title_5":"Cozy Kids Rocking Chair","mega_image_menu_link_label_5":"","mega_image_menu_link_5":"","mega_image_menu_caption_6":"20% Sale","mega_image_menu_title_6":"Title","mega_image_menu_link_label_6":"","mega_image_menu_link_6":"","mega_image_menu_caption_7":"20% Sale","mega_image_menu_title_7":"Title","mega_image_menu_link_label_7":"","mega_image_menu_link_7":"","mega_image_menu_caption_8":"20% Sale","mega_image_menu_title_8":"Title","mega_image_menu_link_label_8":"","mega_image_menu_link_8":""}}},"block_order":["mega-promotion","mega_image_menu_1","mega_image_menu_2"],"settings":{"menu":"header","menu_type_desktop":"drawer","all_items_mega":false,"enable_links":false,"desktop_header_layout":"logo-centermenu-icons","show_search_icon":true,"enable_header_full_width":true,"sticky_header_type":"on-scroll-up","enable_fixed_header_type":true,"enable_fixed_header_type_collection":true,"enable_fixed_header_type_all":false,"transparent_menu":"","enable_fixed_header_transparent":true,"fixed_header_type_margin":2,"fixed_header_type_margin_mobile":2,"button_label":"","button_link":"","button_label_one":"","button_link_one":"","image_size":"small","disable_additional_links":false,"enable_mobile_menu_links":false,"enable_item_highlight":false,"item_highlight_text":"","item_highlight_position":"nth-child(5)","adjust_item_highlight_position":25,"enable_country_selector":false,"enable_language_selector":false,"header_icons_decoration":"none","color_scheme":"option-2","item_highlight_background_color":"#ecb96d","item_highlight_color":"#1d1d1d","padding_top":0,"padding_bottom":0,"enable_country_selector_mobile":false,"enable_language_selector_mobile":false,"featured_collection_1":"","featured_collection_2":"","mobile_desktop_header_layout":"center"}},"scrolling_text_8yE7xr":{"type":"scrolling-text","blocks":{"text_KxD4ra":{"type":"text","settings":{"text":"<p>Gratis Verzending<\/p>","image_link":""}},"text_FmAjMd":{"type":"text","settings":{"text":"","image":"shopify:\/\/shop_images\/Untitled_design_-_2025-09-11T144614.980_81ff1079-e17c-4987-8c72-6bd5ce577a5f.png","image_link":""}},"text_U3PPYB":{"type":"text","settings":{"text":"<p>Niet Goed? Geld Terug Garantie<\/p>","image_link":""}},"text_KDbPQ3":{"type":"text","settings":{"text":"","image":"shopify:\/\/shop_images\/Untitled_design_-_2025-09-11T144614.980_81ff1079-e17c-4987-8c72-6bd5ce577a5f.png","image_link":""}}},"block_order":["text_KxD4ra","text_FmAjMd","text_U3PPYB","text_KDbPQ3"],"disabled":true,"name":"t:sections.scrolling-text.presets.name","settings":{"scroll_direction":"ltc","enable_scroll_decoration":false,"scroll_decoration":"diamond","scroll_speed":70,"scroll_height":35,"scroll_text_size":2,"enable_stencil_text":false,"hover_stop":true,"keep_small_mobile":false,"border":false,"enable_announcement_bar_desktop_sticky":false,"enable_announcement_bar_mobile_sticky":false,"ignore_spacing":false,"color_scheme":"","margin_spacing":"negative","margin_top":0}}},"order":["purchase_ticker_BhCejF","header","scrolling_text_8yE7xr"]}